url,metadata_reference
https://douyin.evergreenfin.ltd/,https://raw.githubusercontent.com/openphish/public_feed/refs/heads/main/feed.txt
https://www.asodfihjgdioshi.xyz/,https://raw.githubusercontent.com/openphish/public_feed/refs/heads/main/feed.txt
http://genie.evergreenfin.ltd/,https://raw.githubusercontent.com/openphish/public_feed/refs/heads/main/feed.txt
http://geren.evergreenfin.ltd/,https://raw.githubusercontent.com/openphish/public_feed/refs/heads/main/feed.txt
https://huiyuanlogin.evergreenfin.ltd/,https://raw.githubusercontent.com/openphish/public_feed/refs/heads/main/feed.txt
https://account-sso.evergreenfin.ltd/,https://raw.githubusercontent.com/openphish/public_feed/refs/heads/main/feed.txt
https://iam.evergreenfin.ltd/,https://raw.githubusercontent.com/openphish/public_feed/refs/heads/main/feed.txt
http://idpage.evergreenfin.ltd/,https://raw.githubusercontent.com/openphish/public_feed/refs/heads/main/feed.txt
https://membership.evergreenfin.ltd/,https://raw.githubusercontent.com/openphish/public_feed/refs/heads/main/feed.txt
https://adminlogin.evergreenfin.ltd/,https://raw.githubusercontent.com/openphish/public_feed/refs/heads/main/feed.txt
https://naver.evergreenfin.ltd/,https://raw.githubusercontent.com/openphish/public_feed/refs/heads/main/feed.txt
http://outlook.evergreenfin.ltd/,https://raw.githubusercontent.com/openphish/public_feed/refs/heads/main/feed.txt
http://oauth2.evergreenfin.ltd/,https://raw.githubusercontent.com/openphish/public_feed/refs/heads/main/feed.txt
http://onlinebank.evergreenfin.ltd/,https://raw.githubusercontent.com/openphish/public_feed/refs/heads/main/feed.txt
http://netease.evergreenfin.ltd/,https://raw.githubusercontent.com/openphish/public_feed/refs/heads/main/feed.txt
https://shangjia.evergreenfin.ltd/,https://raw.githubusercontent.com/openphish/public_feed/refs/heads/main/feed.txt
https://sonemosjuntos--pensandoenti.replit.app/,https://raw.githubusercontent.com/openphish/public_feed/refs/heads/main/feed.txt
https://webufexcv.vip/,https://raw.githubusercontent.com/openphish/public_feed/refs/heads/main/feed.txt
https://secure.evergreenfin.ltd/,https://raw.githubusercontent.com/openphish/public_feed/refs/heads/main/feed.txt
http://idlogin.evergreenfin.ltd/,https://raw.githubusercontent.com/openphish/public_feed/refs/heads/main/feed.txt
https://facturacion.evergreenfin.ltd/,https://raw.githubusercontent.com/openphish/public_feed/refs/heads/main/feed.txt
https://vpn.evergreenfin.ltd/,https://raw.githubusercontent.com/openphish/public_feed/refs/heads/main/feed.txt
https://dingtalk.evergreenfin.ltd/,https://raw.githubusercontent.com/openphish/public_feed/refs/heads/main/feed.txt
http://passport2.evergreenfin.ltd/,https://raw.githubusercontent.com/openphish/public_feed/refs/heads/main/feed.txt
https://node.evergreenfin.ltd/,https://raw.githubusercontent.com/openphish/public_feed/refs/heads/main/feed.txt
https://cdn.evergreenfin.ltd/,https://raw.githubusercontent.com/openphish/public_feed/refs/heads/main/feed.txt
https://ids.evergreenfin.ltd/,https://raw.githubusercontent.com/openphish/public_feed/refs/heads/main/feed.txt
http://v2.evergreenfin.ltd/,https://raw.githubusercontent.com/openphish/public_feed/refs/heads/main/feed.txt
https://monitor.evergreenfin.ltd/,https://raw.githubusercontent.com/openphish/public_feed/refs/heads/main/feed.txt
http://platform.evergreenfin.ltd/,https://raw.githubusercontent.com/openphish/public_feed/refs/heads/main/feed.txt
https://passport.evergreenfin.ltd/,https://raw.githubusercontent.com/openphish/public_feed/refs/heads/main/feed.txt
https://id-sso.evergreenfin.ltd/,https://raw.githubusercontent.com/openphish/public_feed/refs/heads/main/feed.txt
https://sso.evergreenfin.ltd/,https://raw.githubusercontent.com/openphish/public_feed/refs/heads/main/feed.txt
https://passportpage.evergreenfin.ltd/,https://raw.githubusercontent.com/openphish/public_feed/refs/heads/main/feed.txt
https://backoffice.evergreenfin.ltd/,https://raw.githubusercontent.com/openphish/public_feed/refs/heads/main/feed.txt
http://loginpage.evergreenfin.ltd/,https://raw.githubusercontent.com/openphish/public_feed/refs/heads/main/feed.txt
https://melon.evergreenfin.ltd/,https://raw.githubusercontent.com/openphish/public_feed/refs/heads/main/feed.txt
https://pgsql.evergreenfin.ltd/,https://raw.githubusercontent.com/openphish/public_feed/refs/heads/main/feed.txt
https://employees.evergreenfin.ltd/,https://raw.githubusercontent.com/openphish/public_feed/refs/heads/main/feed.txt
https://in.evergreenfin.ltd/,https://raw.githubusercontent.com/openphish/public_feed/refs/heads/main/feed.txt
https://sandbox.evergreenfin.ltd/,https://raw.githubusercontent.com/openphish/public_feed/refs/heads/main/feed.txt
https://okta.evergreenfin.ltd/,https://raw.githubusercontent.com/openphish/public_feed/refs/heads/main/feed.txt
https://mobilebank.evergreenfin.ltd/,https://raw.githubusercontent.com/openphish/public_feed/refs/heads/main/feed.txt
http://manage.evergreenfin.ltd/,https://raw.githubusercontent.com/openphish/public_feed/refs/heads/main/feed.txt
https://erp.evergreenfin.ltd/,https://raw.githubusercontent.com/openphish/public_feed/refs/heads/main/feed.txt
http://partner.evergreenfin.ltd/,https://raw.githubusercontent.com/openphish/public_feed/refs/heads/main/feed.txt
https://lk.evergreenfin.ltd/,https://raw.githubusercontent.com/openphish/public_feed/refs/heads/main/feed.txt
https://rakutenid.evergreenfin.ltd/,https://raw.githubusercontent.com/openphish/public_feed/refs/heads/main/feed.txt
https://douban.evergreenfin.ltd/,https://raw.githubusercontent.com/openphish/public_feed/refs/heads/main/feed.txt
https://tokenim-sg-cdn.lol/download,https://raw.githubusercontent.com/openphish/public_feed/refs/heads/main/feed.txt
https://acesso.evergreenfin.ltd/,https://raw.githubusercontent.com/openphish/public_feed/refs/heads/main/feed.txt
http://center.evergreenfin.ltd/,https://raw.githubusercontent.com/openphish/public_feed/refs/heads/main/feed.txt
http://back.evergreenfin.ltd/,https://raw.githubusercontent.com/openphish/public_feed/refs/heads/main/feed.txt
https://kunden.evergreenfin.ltd/,https://raw.githubusercontent.com/openphish/public_feed/refs/heads/main/feed.txt
http://aliyun.evergreenfin.ltd/,https://raw.githubusercontent.com/openphish/public_feed/refs/heads/main/feed.txt
https://login.evergreenfin.ltd/,https://raw.githubusercontent.com/openphish/public_feed/refs/heads/main/feed.txt
https://customer.evergreenfin.ltd/,https://raw.githubusercontent.com/openphish/public_feed/refs/heads/main/feed.txt
http://account.evergreenfin.ltd/,https://raw.githubusercontent.com/openphish/public_feed/refs/heads/main/feed.txt
https://eu-login.evergreenfin.ltd/,https://raw.githubusercontent.com/openphish/public_feed/refs/heads/main/feed.txt
https://eu.evergreenfin.ltd/,https://raw.githubusercontent.com/openphish/public_feed/refs/heads/main/feed.txt
http://develop.evergreenfin.ltd/,https://raw.githubusercontent.com/openphish/public_feed/refs/heads/main/feed.txt
http://business.evergreenfin.ltd/,https://raw.githubusercontent.com/openphish/public_feed/refs/heads/main/feed.txt
https://conta.evergreenfin.ltd/,https://raw.githubusercontent.com/openphish/public_feed/refs/heads/main/feed.txt
https://builder.evergreenfin.ltd/,https://raw.githubusercontent.com/openphish/public_feed/refs/heads/main/feed.txt
https://kibana.evergreenfin.ltd/,https://raw.githubusercontent.com/openphish/public_feed/refs/heads/main/feed.txt
http://billing.evergreenfin.ltd/,https://raw.githubusercontent.com/openphish/public_feed/refs/heads/main/feed.txt
https://dify.evergreenfin.ltd/,https://raw.githubusercontent.com/openphish/public_feed/refs/heads/main/feed.txt
https://coupang.evergreenfin.ltd/,https://raw.githubusercontent.com/openphish/public_feed/refs/heads/main/feed.txt
https://authorization.evergreenfin.ltd/,https://raw.githubusercontent.com/openphish/public_feed/refs/heads/main/feed.txt
https://devops.evergreenfin.ltd/,https://raw.githubusercontent.com/openphish/public_feed/refs/heads/main/feed.txt
http://clienti.evergreenfin.ltd/,https://raw.githubusercontent.com/openphish/public_feed/refs/heads/main/feed.txt
https://br.evergreenfin.ltd/,https://raw.githubusercontent.com/openphish/public_feed/refs/heads/main/feed.txt
http://employee-sso.evergreenfin.ltd/,https://raw.githubusercontent.com/openphish/public_feed/refs/heads/main/feed.txt
https://https-login.evergreenfin.ltd/,https://raw.githubusercontent.com/openphish/public_feed/refs/heads/main/feed.txt
https://api-v1.evergreenfin.ltd/,https://raw.githubusercontent.com/openphish/public_feed/refs/heads/main/feed.txt
https://healthcheck.evergreenfin.ltd/,https://raw.githubusercontent.com/openphish/public_feed/refs/heads/main/feed.txt
http://clientes.evergreenfin.ltd/,https://raw.githubusercontent.com/openphish/public_feed/refs/heads/main/feed.txt
https://umarashid41.github.io/facebook,https://raw.githubusercontent.com/openphish/public_feed/refs/heads/main/feed.txt
http://supporto.evergreenfin.ltd/,https://raw.githubusercontent.com/openphish/public_feed/refs/heads/main/feed.txt
https://hehuoren.evergreenfin.ltd/,https://raw.githubusercontent.com/openphish/public_feed/refs/heads/main/feed.txt
https://error.evergreenfin.ltd/,https://raw.githubusercontent.com/openphish/public_feed/refs/heads/main/feed.txt
https://compras.evergreenfin.ltd/,https://raw.githubusercontent.com/openphish/public_feed/refs/heads/main/feed.txt
https://data.evergreenfin.ltd/,https://raw.githubusercontent.com/openphish/public_feed/refs/heads/main/feed.txt
https://auth.evergreenfin.ltd/,https://raw.githubusercontent.com/openphish/public_feed/refs/heads/main/feed.txt
https://clients.evergreenfin.ltd/,https://raw.githubusercontent.com/openphish/public_feed/refs/heads/main/feed.txt
https://app-login.evergreenfin.ltd/,https://raw.githubusercontent.com/openphish/public_feed/refs/heads/main/feed.txt
https://aplicativos.evergreenfin.ltd/,https://raw.githubusercontent.com/openphish/public_feed/refs/heads/main/feed.txt
http://help.evergreenfin.ltd/,https://raw.githubusercontent.com/openphish/public_feed/refs/heads/main/feed.txt
https://federate.evergreenfin.ltd/,https://raw.githubusercontent.com/openphish/public_feed/refs/heads/main/feed.txt
https://careers.evergreenfin.ltd/,https://raw.githubusercontent.com/openphish/public_feed/refs/heads/main/feed.txt
https://corp.evergreenfin.ltd/,https://raw.githubusercontent.com/openphish/public_feed/refs/heads/main/feed.txt
https://finance.evergreenfin.ltd/,https://raw.githubusercontent.com/openphish/public_feed/refs/heads/main/feed.txt
https://cas.evergreenfin.ltd/,https://raw.githubusercontent.com/openphish/public_feed/refs/heads/main/feed.txt
https://alibaba.evergreenfin.ltd/,https://raw.githubusercontent.com/openphish/public_feed/refs/heads/main/feed.txt
http://aplicaciones.evergreenfin.ltd/,https://raw.githubusercontent.com/openphish/public_feed/refs/heads/main/feed.txt
https://dev-web.evergreenfin.ltd/,https://raw.githubusercontent.com/openphish/public_feed/refs/heads/main/feed.txt
https://comfyui.evergreenfin.ltd/,https://raw.githubusercontent.com/openphish/public_feed/refs/heads/main/feed.txt
https://97ee1.ralind.at:443/cnbcard/,https://raw.githubusercontent.com/openphish/public_feed/refs/heads/main/feed.txt
https://rss2.sayler.at/go/337413/z274x264,https://raw.githubusercontent.com/openphish/public_feed/refs/heads/main/feed.txt
https://freiewahlderprodukte-s630.ink/HqQ82uX,https://raw.githubusercontent.com/openphish/public_feed/refs/heads/main/feed.txt
https://www.roblox.com.mu/communities/27245856/Girlys#!/about,https://raw.githubusercontent.com/openphish/public_feed/refs/heads/main/feed.txt
https://abhishek-22531.github.io/amazonclone.cse-16,https://raw.githubusercontent.com/openphish/public_feed/refs/heads/main/feed.txt
http://xxhm.spyxe.sbs/x/p5/,https://raw.githubusercontent.com/openphish/public_feed/refs/heads/main/feed.txt
https://freschezzafoods.com/account/linkedin/index.html#veror@28d6412d3c95c210d89d43cf30f69a0f3bee.com,https://raw.githubusercontent.com/openphish/public_feed/refs/heads/main/feed.txt
https://apps.evergreenfin.ltd/,https://raw.githubusercontent.com/openphish/public_feed/refs/heads/main/feed.txt
https://accounts.evergreenfin.ltd/,https://raw.githubusercontent.com/openphish/public_feed/refs/heads/main/feed.txt
https://packgobx-mx.cfd/mx,https://raw.githubusercontent.com/openphish/public_feed/refs/heads/main/feed.txt
https://adm.evergreenfin.ltd/,https://raw.githubusercontent.com/openphish/public_feed/refs/heads/main/feed.txt
https://admin.evergreenfin.ltd/,https://raw.githubusercontent.com/openphish/public_feed/refs/heads/main/feed.txt
https://portal.evergreenfin.ltd/,https://raw.githubusercontent.com/openphish/public_feed/refs/heads/main/feed.txt
https://api.evergreenfin.ltd/,https://raw.githubusercontent.com/openphish/public_feed/refs/heads/main/feed.txt
https://fedf81-hbk27.vercel.app/,https://raw.githubusercontent.com/openphish/public_feed/refs/heads/main/feed.txt
https://cvtd56l-hbkl.vercel.app/,https://raw.githubusercontent.com/openphish/public_feed/refs/heads/main/feed.txt
https://rajyashri12.github.io/Amazon-clone/,https://raw.githubusercontent.com/openphish/public_feed/refs/heads/main/feed.txt
https://odufps-fudyfuy.com/hcaptcha,https://raw.githubusercontent.com/openphish/public_feed/refs/heads/main/feed.txt
https://sync-outmail.sbs/login/,https://raw.githubusercontent.com/openphish/public_feed/refs/heads/main/feed.txt
https://www.roblox.com.ml/users/498561633871/profile,https://raw.githubusercontent.com/openphish/public_feed/refs/heads/main/feed.txt
https://ptai.in/dsb/page.html?sid=ktpkeZOUgDfP8MLRrKS0Tdg4lylWXIsh99exmABKPqfbAr4kzxcB7zkbrEyr8fTM15zyBJo0jTkPG634CnJ719PzaKbtRhz,https://raw.githubusercontent.com/openphish/public_feed/refs/heads/main/feed.txt
https://ptai.in/dsb/,https://raw.githubusercontent.com/openphish/public_feed/refs/heads/main/feed.txt
https://xfinitymailid.weebly.com/,https://raw.githubusercontent.com/openphish/public_feed/refs/heads/main/feed.txt
https://autoscout24-be.live/,https://raw.githubusercontent.com/openphish/public_feed/refs/heads/main/feed.txt
https://www.roblox.com.ml/users/423567304167/profile,https://raw.githubusercontent.com/openphish/public_feed/refs/heads/main/feed.txt
https://tokenim-sg-cdn.cfd/,https://raw.githubusercontent.com/openphish/public_feed/refs/heads/main/feed.txt
http://moonpay-commerce-l06q77rl2-heliofi.vercel.app/,https://raw.githubusercontent.com/openphish/public_feed/refs/heads/main/feed.txt
http://fragleaguegames.com/,https://raw.githubusercontent.com/openphish/public_feed/refs/heads/main/feed.txt
http://moonpay-commerce-868w0wpy4-heliofi.vercel.app/,https://raw.githubusercontent.com/openphish/public_feed/refs/heads/main/feed.txt
http://moonpay-commerce-kepg9p8m2-heliofi.vercel.app/,https://raw.githubusercontent.com/openphish/public_feed/refs/heads/main/feed.txt
http://www.gc.bnjazi.com/,https://raw.githubusercontent.com/openphish/public_feed/refs/heads/main/feed.txt
https://www.tax-official.com/signin?t=eyJhbGciOiJIUzI1NiJ9.eyJ0cmFja2luZ190b2tlbiI6IjU0NjU5MWUzLTQ5ODktNDk3MS05ZjcxLWU5YmQ3YTQ5MjEzZCIsImNlbGwiOiJodHRwczovL3Vib3p4eTh0cjkuZXhlY3V0ZS1hcGkuZXUtd2VzdC0xLmFtYXpvbmF3cy5jb20vcHJvZC9hcGkvcGhpc2hpbmdjYW1wYWlnbiIsImNhbXBhaWduX3Rva2VuIjoiYmJmMzI1NzItNjQyYi00ZjNlLWI0ZmYtYjAwMmE1ZjBkYzc0IiwidGVzdF90b2tlbiI6ZmFsc2UsImV4dGVybmFsX3RyYWluaW5nIjpmYWxzZSwiZGlyZWN0X2RlbGl2ZXJ5Ijp0cnVlLCJpYXQiOjE3OTA1MDM0MDAsImlzcyI6Imh0dHBzOi8vYXBwLnBoaXNodGhyZWF0LmNvbSIsImV4cCI6MTc5ODI3OTQwMH0.iN8mSeZFRDSnk9U8kLVqUJrZM6GPIiOIr_J8aPSL37A,https://raw.githubusercontent.com/openphish/public_feed/refs/heads/main/feed.txt
https://appsuite-sunrise-cha.jimdofree.com/?preview_sid=476520,https://raw.githubusercontent.com/openphish/public_feed/refs/heads/main/feed.txt
http://www.heimamsensor.lat/verify/1ac44984-403d-4851-8e7c-e5f4a059d788/,https://raw.githubusercontent.com/openphish/public_feed/refs/heads/main/feed.txt
https://flat-base-63d9.fr1ilt.workers.dev/jtFQ3exWXBuZqo1IPc2z/DZR9jteug0/ioYRaffOe0authgen/0zBY7n7/jtFQ3exWXBuZqo1IPc2z/victim/GkwlZ9/example.com/jtFQ3exWXBuZqo1IPc2zDZR9jteug0,https://raw.githubusercontent.com/openphish/public_feed/refs/heads/main/feed.txt
https://n8o2-gg7f-efoz.alter-quintavious-dropoffs-org-s-account.workers.dev/,https://raw.githubusercontent.com/openphish/public_feed/refs/heads/main/feed.txt
https://8gpv-tszw-jyrx.phil-heron-zoomdrain-com-s-account.workers.dev/0122c7727f3f9b87?email=example%2540domain.invalid,https://raw.githubusercontent.com/openphish/public_feed/refs/heads/main/feed.txt
https://zebcoindustrie-portal.vercel.app/,https://raw.githubusercontent.com/openphish/public_feed/refs/heads/main/feed.txt
http://www.metamaskwallett.blogspot.com/,https://raw.githubusercontent.com/openphish/public_feed/refs/heads/main/feed.txt
https://eclauth.pages.dev/,https://raw.githubusercontent.com/openphish/public_feed/refs/heads/main/feed.txt
http://tetes-air.pages.dev/dp/B0D484S271?ref=MarsFS_VICC_blinkhk,https://raw.githubusercontent.com/openphish/public_feed/refs/heads/main/feed.txt
http://tetes-air.pages.dev/dp/B08DJC1KMJ?ref=MarsFS_VICC_rvdpro2_faceplate,https://raw.githubusercontent.com/openphish/public_feed/refs/heads/main/feed.txt
http://www.25fthr77.blogspot.com/,https://raw.githubusercontent.com/openphish/public_feed/refs/heads/main/feed.txt
https://facebookhotysexyvideos.blogspot.com/,https://raw.githubusercontent.com/openphish/public_feed/refs/heads/main/feed.txt
https://https-roblox.com/login?returnUrl=1961065750,https://raw.githubusercontent.com/openphish/public_feed/refs/heads/main/feed.txt
https://www.roblox.com.bi/games/17664585395/Spelling-Race?privateServerLinkCode=06713340521095578656367400665464&game_id=17664585395&game_name=Spelling-Race,https://raw.githubusercontent.com/openphish/public_feed/refs/heads/main/feed.txt
https://www.roblox.com.bi/games/17590362521/Spelling-Bee?privateServerLinkCode=06713340521095578656367400665464&game_id=17590362521&game_name=Spelling-Bee,https://raw.githubusercontent.com/openphish/public_feed/refs/heads/main/feed.txt
https://www.roblox.com.bi/games/120435791996748/MIC-Filipino-Spelling?privateServerLinkCode=06713340521095578656367400665464&game_id=120435791996748&game_name=MIC-Filipino-Spelling,https://raw.githubusercontent.com/openphish/public_feed/refs/heads/main/feed.txt
https://www.roblox.com.bi/games/119475035626185/Stormys-Spelling-Bee?privateServerLinkCode=06713340521095578656367400665464&game_id=119475035626185&game_name=Stormys-Spelling-Bee,https://raw.githubusercontent.com/openphish/public_feed/refs/heads/main/feed.txt
https://kamal11234.github.io/amozon/gift.html,https://raw.githubusercontent.com/openphish/public_feed/refs/heads/main/feed.txt
https://team.blanread.info/posts/featured/pdny101jl7ak7xtbj7dv6y0hy/f41fa0hniyb8gy6l6n20gxoc/ovhr080e3704480bp,https://raw.githubusercontent.com/openphish/public_feed/refs/heads/main/feed.txt
https://usrinters-auth-en-useast.global.ssl.fastly.net/,https://raw.githubusercontent.com/openphish/public_feed/refs/heads/main/feed.txt
https://valleyradiologyconsultants.s3.us-east-1.amazonaws.com/ooa.html,https://raw.githubusercontent.com/openphish/public_feed/refs/heads/main/feed.txt
https://teams.sharepoint.co.it/Kacoisv7yNfyOrlkuI7YwZh/t,https://raw.githubusercontent.com/openphish/public_feed/refs/heads/main/feed.txt
https://blue-leaf-5cd6.hgthpisoa-0f6.workers.dev/meta.help,https://raw.githubusercontent.com/openphish/public_feed/refs/heads/main/feed.txt
http://loginservice.cloud/E.oNeOdkT04mWrBD-uAQ?/link?url=d42cf86bz535433d4918f6725dca3821r_348756293,https://raw.githubusercontent.com/openphish/public_feed/refs/heads/main/feed.txt
http://mi1738.craftum.io/,https://raw.githubusercontent.com/openphish/public_feed/refs/heads/main/feed.txt
https://www.roblox.com.ml/games/113290951185459/UPD-6-Anime-Dice?privateServerLinkCode=754677434165365641123228563536,https://raw.githubusercontent.com/openphish/public_feed/refs/heads/main/feed.txt
https://secure.blueeyegroup.com/images/svbjmru/cdn/cdn,https://raw.githubusercontent.com/openphish/public_feed/refs/heads/main/feed.txt
http://docs.courrierar24.co/,https://raw.githubusercontent.com/openphish/public_feed/refs/heads/main/feed.txt
https://www.roblox.com.bi/games/91097621191600/Fart-Simulator?privateServerLinkCode=06713340521095578656367400665464&game_id=91097621191600&game_name=Fart-Simulator,https://raw.githubusercontent.com/openphish/public_feed/refs/heads/main/feed.txt
https://www.roblox.com.bi/games/122749577958708/Face-fables-GAME-REOPEN?privateServerLinkCode=06713340521095578656367400665464&game_id=122749577958708&game_name=Face-fables-GAME-REOPEN,https://raw.githubusercontent.com/openphish/public_feed/refs/heads/main/feed.txt
https://iy2ol9dmgilpq-hbk28.vercel.app/fdutyhaz3doeryfdhjsa,https://raw.githubusercontent.com/openphish/public_feed/refs/heads/main/feed.txt
https://iy2ol9dmgilpq-hbk28.vercel.app/fdutyhaz3doeryfdhjsa.html.html,https://raw.githubusercontent.com/openphish/public_feed/refs/heads/main/feed.txt
https://6fiycfwktmtg-hbk27.vercel.app/fgwqergyuuytqcxzjs.html,https://raw.githubusercontent.com/openphish/public_feed/refs/heads/main/feed.txt
https://pub-7c4d7b0b3eda4ab180fcf978a483d9a6.r2.dev/OCN-System.html,https://raw.githubusercontent.com/openphish/public_feed/refs/heads/main/feed.txt
https://6fiycfwktmtg-hbk27.vercel.app/fgwqergyuuytqcxzjs,https://raw.githubusercontent.com/openphish/public_feed/refs/heads/main/feed.txt
https://shamasrahatsr.github.io/html-css-assignment-2,https://raw.githubusercontent.com/openphish/public_feed/refs/heads/main/feed.txt
https://blockwavewallets.com/admin/member/withdraws/BQA0354,https://raw.githubusercontent.com/openphish/public_feed/refs/heads/main/feed.txt
https://blockwavewallets.com/admin/member/balances/BQA0354,https://raw.githubusercontent.com/openphish/public_feed/refs/heads/main/feed.txt
https://blockwavewallets.com/admin/impersonate/1834,https://raw.githubusercontent.com/openphish/public_feed/refs/heads/main/feed.txt
https://mitoken.cv/download,https://raw.githubusercontent.com/openphish/public_feed/refs/heads/main/feed.txt
https://www.ehay-item.solaf.co/,https://raw.githubusercontent.com/openphish/public_feed/refs/heads/main/feed.txt
https://ehay-item.solaf.co/,https://raw.githubusercontent.com/openphish/public_feed/refs/heads/main/feed.txt
http://knoll-timber3234.pages.dev/,https://raw.githubusercontent.com/openphish/public_feed/refs/heads/main/feed.txt
https://getmyservices.in/axis-bank,https://raw.githubusercontent.com/openphish/public_feed/refs/heads/main/feed.txt
https://sasana.sasanamegahagung.co.id/pl/authentication/0.html,https://raw.githubusercontent.com/openphish/public_feed/refs/heads/main/feed.txt
https://sasana.sasanamegahagung.co.id/pl/authentication/,https://raw.githubusercontent.com/openphish/public_feed/refs/heads/main/feed.txt
https://www-test.evergreenfin.ltd/,https://raw.githubusercontent.com/openphish/public_feed/refs/heads/main/feed.txt
http://invitesmeeting.top/,https://raw.githubusercontent.com/openphish/public_feed/refs/heads/main/feed.txt
https://site-e9tfr124f.godaddysites.com/,https://raw.githubusercontent.com/openphish/public_feed/refs/heads/main/feed.txt
https://site-61hplahqo.godaddysites.com/,https://raw.githubusercontent.com/openphish/public_feed/refs/heads/main/feed.txt
https://sunriseemails.jimdofree.com/,https://raw.githubusercontent.com/openphish/public_feed/refs/heads/main/feed.txt
https://sunrise-mailllbs.jimdofree.com/,https://raw.githubusercontent.com/openphish/public_feed/refs/heads/main/feed.txt
https://sunriseg-maims.jimdofree.com/,https://raw.githubusercontent.com/openphish/public_feed/refs/heads/main/feed.txt
https://s3.eu-central-1.amazonaws.com/boklaks-iokashja6/bnhjak.html?bKH2sOOok,https://raw.githubusercontent.com/openphish/public_feed/refs/heads/main/feed.txt
https://nikhilsharma28.github.io/netflix-clone/,https://raw.githubusercontent.com/openphish/public_feed/refs/heads/main/feed.txt
https://base-apps-extensions.framer.website/,https://raw.githubusercontent.com/openphish/public_feed/refs/heads/main/feed.txt
https://tmzweqxtm4-1c25ab9afc.vercel.app/ads-optimizer-7468257310901531.html,https://raw.githubusercontent.com/openphish/public_feed/refs/heads/main/feed.txt
https://sunrisemail-ch.jimdofree.com/,https://raw.githubusercontent.com/openphish/public_feed/refs/heads/main/feed.txt
https://hispeed-websrv.weebly.com/,https://raw.githubusercontent.com/openphish/public_feed/refs/heads/main/feed.txt
https://site-gcayu1r5m.godaddysites.com/,https://raw.githubusercontent.com/openphish/public_feed/refs/heads/main/feed.txt
https://site-fq5i0d6de.godaddysites.com/,https://raw.githubusercontent.com/openphish/public_feed/refs/heads/main/feed.txt
https://site-xvkqwz5wj.godaddysites.com/,https://raw.githubusercontent.com/openphish/public_feed/refs/heads/main/feed.txt
https://sunrisemaifg.jimdofree.com/,https://raw.githubusercontent.com/openphish/public_feed/refs/heads/main/feed.txt
https://mipsunrise.jimdofree.com/,https://raw.githubusercontent.com/openphish/public_feed/refs/heads/main/feed.txt
https://sunrise-emails.jimdofree.com/,https://raw.githubusercontent.com/openphish/public_feed/refs/heads/main/feed.txt
https://heimamsensor.lat/verify/5242a7ee-540b-4db5-bbc9-f6a4b0787b31?error=login_required,https://raw.githubusercontent.com/openphish/public_feed/refs/heads/main/feed.txt
https://sync-app.at/UpdlAx10s,https://raw.githubusercontent.com/openphish/public_feed/refs/heads/main/feed.txt
https://blockwavewallets.com/admin/member/balances/9399,https://raw.githubusercontent.com/openphish/public_feed/refs/heads/main/feed.txt
http://www.surl.li/ovdaap/,https://raw.githubusercontent.com/openphish/public_feed/refs/heads/main/feed.txt
http://comcastsurvey.weebly.com/,https://raw.githubusercontent.com/openphish/public_feed/refs/heads/main/feed.txt
https://hjmdbcvvukhjhk.edgeone.dev/#a@a.com,https://raw.githubusercontent.com/openphish/public_feed/refs/heads/main/feed.txt
https://mi-solicitud-card-9194.andres457646.workers.dev/solicitud/formulario?origen=index%2F,https://raw.githubusercontent.com/openphish/public_feed/refs/heads/main/feed.txt
https://instagramsupportverify.blogspot.com/,https://raw.githubusercontent.com/openphish/public_feed/refs/heads/main/feed.txt
https://instagramlogin77.blogspot.com/,https://raw.githubusercontent.com/openphish/public_feed/refs/heads/main/feed.txt
https://sopports-net.us/icloud-archivos/code2022esp.php?digitos=&id=,https://raw.githubusercontent.com/openphish/public_feed/refs/heads/main/feed.txt
https://1url.at/www/roblox-users-358617852035-profile,https://raw.githubusercontent.com/openphish/public_feed/refs/heads/main/feed.txt
https://www.roblox.com.mu/users/1295571761/profile,https://raw.githubusercontent.com/openphish/public_feed/refs/heads/main/feed.txt
http://service-xinfinity.weebly.com/xinfinty.html,https://raw.githubusercontent.com/openphish/public_feed/refs/heads/main/feed.txt
http://www.admin-staging.evergreenfin.ltd/,https://raw.githubusercontent.com/openphish/public_feed/refs/heads/main/feed.txt
http://www.secure-dev.evergreenfin.ltd/,https://raw.githubusercontent.com/openphish/public_feed/refs/heads/main/feed.txt
https://suportcloud.com/icloud-archivos/code2022esp.php?digitos=&id=,https://raw.githubusercontent.com/openphish/public_feed/refs/heads/main/feed.txt
https://www.gateway-staging.evergreenfin.ltd/,https://raw.githubusercontent.com/openphish/public_feed/refs/heads/main/feed.txt
https://www.pay-staging.evergreenfin.ltd/,https://raw.githubusercontent.com/openphish/public_feed/refs/heads/main/feed.txt
https://www.api-staging.evergreenfin.ltd/,https://raw.githubusercontent.com/openphish/public_feed/refs/heads/main/feed.txt
https://www.test-admin.evergreenfin.ltd/,https://raw.githubusercontent.com/openphish/public_feed/refs/heads/main/feed.txt
http://www.api-uat.evergreenfin.ltd/,https://raw.githubusercontent.com/openphish/public_feed/refs/heads/main/feed.txt
http://www.api-test.evergreenfin.ltd/,https://raw.githubusercontent.com/openphish/public_feed/refs/heads/main/feed.txt
https://www.pay-dev.evergreenfin.ltd/,https://raw.githubusercontent.com/openphish/public_feed/refs/heads/main/feed.txt
https://www.dev-portal.evergreenfin.ltd/,https://raw.githubusercontent.com/openphish/public_feed/refs/heads/main/feed.txt
http://www.app-prod.evergreenfin.ltd/,https://raw.githubusercontent.com/openphish/public_feed/refs/heads/main/feed.txt
https://www.backend-test.evergreenfin.ltd/,https://raw.githubusercontent.com/openphish/public_feed/refs/heads/main/feed.txt
http://www.demo-api.evergreenfin.ltd/,https://raw.githubusercontent.com/openphish/public_feed/refs/heads/main/feed.txt
http://www.test-api.evergreenfin.ltd/,https://raw.githubusercontent.com/openphish/public_feed/refs/heads/main/feed.txt
http://www.app-test.evergreenfin.ltd/,https://raw.githubusercontent.com/openphish/public_feed/refs/heads/main/feed.txt
http://www.verificarcuenta-micros0ft2026way.zya.me/,https://raw.githubusercontent.com/openphish/public_feed/refs/heads/main/feed.txt
https://baosteel.click/purchase.html?e=a.b%40c,https://raw.githubusercontent.com/openphish/public_feed/refs/heads/main/feed.txt
https://shopeejkt46.blogspot.com/,https://raw.githubusercontent.com/openphish/public_feed/refs/heads/main/feed.txt
https://dndair.com/iv/doc.html,https://raw.githubusercontent.com/openphish/public_feed/refs/heads/main/feed.txt
https://sell.tik-tokbusiness.com/login,https://raw.githubusercontent.com/openphish/public_feed/refs/heads/main/feed.txt
https://sell.tik-tokpakistan.com/login,https://raw.githubusercontent.com/openphish/public_feed/refs/heads/main/feed.txt
https://feiselei-festvial.de/wp-includes/sp/sp/redirect/p/,https://raw.githubusercontent.com/openphish/public_feed/refs/heads/main/feed.txt
http://multysensegroup.com//me/domain.html,https://raw.githubusercontent.com/openphish/public_feed/refs/heads/main/feed.txt
http://sopports-net.us/icloud2022-esp.php/,https://raw.githubusercontent.com/openphish/public_feed/refs/heads/main/feed.txt
http://sopports-net.us/icloud2022-esp.php/s3.php,https://raw.githubusercontent.com/openphish/public_feed/refs/heads/main/feed.txt
http://suportcloud.com/icloud2022-esp.php/s3.php,https://raw.githubusercontent.com/openphish/public_feed/refs/heads/main/feed.txt
https://sopport-cloud.us/icloud2022-esp.php/,https://raw.githubusercontent.com/openphish/public_feed/refs/heads/main/feed.txt
https://sp31ct-tureva-biz-zemko-nadup.pages.dev/,https://raw.githubusercontent.com/openphish/public_feed/refs/heads/main/feed.txt
https://verication-casefb386308.vercel.app/,https://raw.githubusercontent.com/openphish/public_feed/refs/heads/main/feed.txt
https://wl0ejoi3pu.filbmarsh.info/l/bYE34AIrzuY,https://raw.githubusercontent.com/openphish/public_feed/refs/heads/main/feed.txt
https://supportecloud.info/icloud2022-esp.php/,https://raw.githubusercontent.com/openphish/public_feed/refs/heads/main/feed.txt
http://www.signin-xfinlty.weebly.com/,https://raw.githubusercontent.com/openphish/public_feed/refs/heads/main/feed.txt
http://www.verication-casefb328-ten.vercel.app/,https://raw.githubusercontent.com/openphish/public_feed/refs/heads/main/feed.txt
http://www.rapidrewards.vercel.app/,https://raw.githubusercontent.com/openphish/public_feed/refs/heads/main/feed.txt
http://www.ofertadodiamaga.vercel.app/,https://raw.githubusercontent.com/openphish/public_feed/refs/heads/main/feed.txt
https://wr7n8-0j5-nizz-3ys48-02-10-2026-aa.pages.dev/,https://raw.githubusercontent.com/openphish/public_feed/refs/heads/main/feed.txt
https://chase.phntm.com/,https://raw.githubusercontent.com/openphish/public_feed/refs/heads/main/feed.txt
https://splotify-clone-srijit.netlify.app/,https://raw.githubusercontent.com/openphish/public_feed/refs/heads/main/feed.txt
http://supportecloud.info/icloud2022-esp.php/s3.php,https://raw.githubusercontent.com/openphish/public_feed/refs/heads/main/feed.txt
https://gorgeous-gaufre-fc95b4.netlify.app/,https://raw.githubusercontent.com/openphish/public_feed/refs/heads/main/feed.txt
https://coinbasppolagin.gitbook.io/,https://raw.githubusercontent.com/openphish/public_feed/refs/heads/main/feed.txt
http://demo.telecomreviewarabia.com/assets/images/bba/sup.html,https://raw.githubusercontent.com/openphish/public_feed/refs/heads/main/feed.txt
http://usweb01zoom.pages.dev/,https://raw.githubusercontent.com/openphish/public_feed/refs/heads/main/feed.txt
http://zoominvite044.pages.dev/,https://raw.githubusercontent.com/openphish/public_feed/refs/heads/main/feed.txt
http://xfinitymail01.weebly.com/,https://raw.githubusercontent.com/openphish/public_feed/refs/heads/main/feed.txt
https://roblox.com.do/users/213450963/profile,https://raw.githubusercontent.com/openphish/public_feed/refs/heads/main/feed.txt
https://patrickksmdev.github.io/netflix-clone/,https://raw.githubusercontent.com/openphish/public_feed/refs/heads/main/feed.txt
https://roblox.et/users/8047086595/profile,https://raw.githubusercontent.com/openphish/public_feed/refs/heads/main/feed.txt
https://robiox.com.py/users/220726313163/profile,https://raw.githubusercontent.com/openphish/public_feed/refs/heads/main/feed.txt
https://preview-3bade4.previewship.net/,https://raw.githubusercontent.com/openphish/public_feed/refs/heads/main/feed.txt
https://financiamientos-ecuador--pichincha2026.replit.app/,https://raw.githubusercontent.com/openphish/public_feed/refs/heads/main/feed.txt
https://prestamos-oficiales--creditprestamo.replit.app/,https://raw.githubusercontent.com/openphish/public_feed/refs/heads/main/feed.txt
https://bitly.cx/VR9wD,https://raw.githubusercontent.com/openphish/public_feed/refs/heads/main/feed.txt
https://bitly.cx/T1hjQ,https://raw.githubusercontent.com/openphish/public_feed/refs/heads/main/feed.txt
http://ledger-waitlist.netlify.app/,https://raw.githubusercontent.com/openphish/public_feed/refs/heads/main/feed.txt
https://mailer.dari-card.com/////ZAn/,https://raw.githubusercontent.com/openphish/public_feed/refs/heads/main/feed.txt
https://mail.dari-card.com/Fed/ffv,https://raw.githubusercontent.com/openphish/public_feed/refs/heads/main/feed.txt
https://online-secured.github.io/Wells/,https://raw.githubusercontent.com/openphish/public_feed/refs/heads/main/feed.txt
https://blockwavewallets.com/admin/member/balances/jooyont01,https://raw.githubusercontent.com/openphish/public_feed/refs/heads/main/feed.txt
http://www.ranakagroup.co.zw/goodheads/,https://raw.githubusercontent.com/openphish/public_feed/refs/heads/main/feed.txt
https://bitly.cx/0eUtB,https://raw.githubusercontent.com/openphish/public_feed/refs/heads/main/feed.txt
https://bitly.cx/jczs,https://raw.githubusercontent.com/openphish/public_feed/refs/heads/main/feed.txt
https://security-server-landing-page--gregoryclimate.replit.app/?naps,https://raw.githubusercontent.com/openphish/public_feed/refs/heads/main/feed.txt
https://bitly.cx/Tdot,https://raw.githubusercontent.com/openphish/public_feed/refs/heads/main/feed.txt
https://readymedhealthcare.com/wp-includes/theme-compat/goxeqvs/mjdenvb/ktcahvg/kr/kr.html,https://raw.githubusercontent.com/openphish/public_feed/refs/heads/main/feed.txt
https://bitly.cx/q7jxe,https://raw.githubusercontent.com/openphish/public_feed/refs/heads/main/feed.txt
https://dravora-kxt-zenveta-a9x1dw43.pages.dev/thn-yjm-uio-lkh?welcome=103835709772152&amp%3Bstt=103835709772152&amp%3Bname_stt=Horseman%20Elite%20Auction,https://raw.githubusercontent.com/openphish/public_feed/refs/heads/main/feed.txt
https://168632.xyz/,https://raw.githubusercontent.com/openphish/public_feed/refs/heads/main/feed.txt
https://25fthr77.blogspot.com/,https://raw.githubusercontent.com/openphish/public_feed/refs/heads/main/feed.txt
https://inscripcionsuv.solicitudesclientesonline.com/,https://raw.githubusercontent.com/openphish/public_feed/refs/heads/main/feed.txt
http://pancakeswapfinances.pages.dev/s.**%402*.webp/,https://raw.githubusercontent.com/openphish/public_feed/refs/heads/main/feed.txt
https://pakpharma.ci/CHASE/login.php,https://raw.githubusercontent.com/openphish/public_feed/refs/heads/main/feed.txt
https://metamaskwallett.blogspot.com/,https://raw.githubusercontent.com/openphish/public_feed/refs/heads/main/feed.txt
https://rbx1000dfthfhhfhu.blogspot.com/,https://raw.githubusercontent.com/openphish/public_feed/refs/heads/main/feed.txt
https://booking.safeid.icu/196188778,https://raw.githubusercontent.com/openphish/public_feed/refs/heads/main/feed.txt
https://blockwavewallets.com/admin/impersonate/1775,https://raw.githubusercontent.com/openphish/public_feed/refs/heads/main/feed.txt
https://facebook.sioll.net/,https://raw.githubusercontent.com/openphish/public_feed/refs/heads/main/feed.txt
https://blockwavewallets.com/admin/members?page=1&per_page=50&q=%EC%A0%95%EB%AA%85%EC%88%99,https://raw.githubusercontent.com/openphish/public_feed/refs/heads/main/feed.txt
https://arhamkhan670.github.io/facebook,https://raw.githubusercontent.com/openphish/public_feed/refs/heads/main/feed.txt
https://muhammadmalahimraza-design.github.io/hosting-setap/,https://raw.githubusercontent.com/openphish/public_feed/refs/heads/main/feed.txt
https://to.lk/oudKft,https://raw.githubusercontent.com/openphish/public_feed/refs/heads/main/feed.txt
https://sewacourier.com/review-.html,https://raw.githubusercontent.com/openphish/public_feed/refs/heads/main/feed.txt
http://m.365bet440.com/,https://raw.githubusercontent.com/openphish/public_feed/refs/heads/main/feed.txt
https://shoutout.wix.com/so/93Q3BbWhD/c?w=iNK-Damb8NTcthw4OS0Cq-ZfbnGorkHvTrwFaOsLOFk.eyJ1IjoiaHR0cHM6Ly9zZXdhY291cmllci5jb20vcmV2aWV3LS5odG1sIiwiciI6Ijg2OTRhZDhkLTE4ZjAtNGI1YS05OTFhLTZlMmU0ZGQ1ZjQzZCIsIm0iOiJtYWlsIiwiYyI6IjRhYmQwZmZkLWQ4MzctNDlhOS1iODA4LTMwNmRlOTFlOTlmMyJ9,https://raw.githubusercontent.com/openphish/public_feed/refs/heads/main/feed.txt
https://borneo77.link/,https://raw.githubusercontent.com/openphish/public_feed/refs/heads/main/feed.txt
http://betpool.online/,https://raw.githubusercontent.com/openphish/public_feed/refs/heads/main/feed.txt
http://roblox.com.am/,https://raw.githubusercontent.com/openphish/public_feed/refs/heads/main/feed.txt
https://security-server-landing-page-1--bensonthomans5.replit.app/#ksson,https://raw.githubusercontent.com/openphish/public_feed/refs/heads/main/feed.txt
http://membercomcast.weebly.com/,https://raw.githubusercontent.com/openphish/public_feed/refs/heads/main/feed.txt
https://carladelcastillo.com/CHUKSHGHJGUGU/HGJFFHGF.html,https://raw.githubusercontent.com/openphish/public_feed/refs/heads/main/feed.txt
https://drift-calm.pages.dev/,https://raw.githubusercontent.com/openphish/public_feed/refs/heads/main/feed.txt
https://hasanshahid32h-source.github.io/facebook-login/,https://raw.githubusercontent.com/openphish/public_feed/refs/heads/main/feed.txt
