dest_ip,dest_port
108.161.135.118,80
103.35.108.244,2024
8.213.195.191,8095
210.2.171.107,35010
203.150.166.170,8080
202.40.179.33,9090
92.241.87.14,5678
51.195.139.95,44648
216.205.52.182,80
181.48.234.214,8080
101.201.225.47,80
47.91.121.127,8888
185.140.102.218,5678
1.179.199.130,33333
213.6.155.9,19000
129.205.244.158,1080
176.120.32.135,5678
185.97.114.179,3629
51.158.124.167,16379
31.59.33.63,6639
185.252.24.213,3128
107.174.4.112,6081
45.61.97.187,6713
185.162.228.95,80
171.244.68.28,5678
175.213.76.24,80
116.104.41.109,5000
45.174.248.1,999
107.181.154.41,5719
82.200.235.134,19170
104.238.50.247,6793
154.6.23.33,6500
116.99.224.60,30166
162.214.191.59,60768
107.175.66.132,3128
184.174.43.153,6693
66.33.212.180,15891
211.230.49.122,3128
177.104.87.23,5678
45.131.210.82,80
72.214.108.67,4145
94.182.177.92,80
82.23.206.101,5907
103.151.41.7,80
45.147.233.179,8085
213.149.154.213,5678
5.75.155.221,8888
103.48.71.30,83
107.173.50.105,50005
161.97.118.197,3128
165.232.97.74,80
203.205.29.108,5678
103.41.32.250,51951
103.87.170.29,32650
45.59.186.60,80
104.17.94.11,80
173.211.68.74,6356
181.143.21.146,4153
47.92.194.235,8080
186.251.255.245,31337
196.204.83.235,1981
89.28.48.254,5678
31.22.7.188,56981
41.79.10.218,4673
186.96.124.242,4153
44.206.234.75,12462
47.238.130.212,8443
24.37.245.42,51056
8.219.229.53,3128
103.247.23.76,8081
47.238.60.156,80
8.220.205.172,6379
209.127.127.59,7157
142.54.232.6,4145
8.211.195.139,3128
216.205.52.235,80
147.91.22.150,80
177.85.205.177,3629
212.114.194.72,80
103.106.219.171,8081
41.65.55.10,1976
191.7.197.10,8080
146.103.56.150,5698
8.211.51.115,1081
213.233.161.246,4153
110.78.149.12,4145
213.14.31.123,35314
104.37.135.145,4145
188.143.169.22,33333
187.141.184.235,8080
91.246.51.215,8085
36.229.100.73,80
165.227.85.112,15257
34.216.224.9,40715
50.114.83.29,6513
41.220.16.218,80
66.135.227.178,4145
103.174.150.58,1080
115.127.82.138,9090
209.141.44.241,1080
138.201.47.200,24582
168.196.214.187,80
85.187.224.21,8080
148.135.151.55,5548
103.41.88.6,84
175.203.138.160,5678
89.41.106.8,4145
15.222.234.214,80
82.165.105.48,80
31.128.248.1,1080
200.115.157.211,4145
152.231.25.114,8080
110.78.148.57,4145
197.221.240.247,80
66.29.128.242,48518
8.215.47.191,10080
203.160.61.104,4145
98.191.0.47,4145
115.178.49.111,8080
103.30.211.34,80
211.137.33.22,80
47.91.89.3,3128
72.37.217.3,4145
209.14.98.5,8080
115.127.83.142,1088
13.204.150.141,80
31.58.18.151,6420
182.53.216.73,4145
173.212.245.45,41162
103.73.193.117,8080
155.50.250.163,3128
222.74.65.84,38051
8.211.51.115,144
186.215.87.194,6027
66.207.184.21,5432
163.181.123.54,8080
198.46.241.187,6722
8.213.195.191,4002
208.96.138.86,29183
8.211.195.139,8081
138.197.203.93,8080
95.38.95.40,8085
35.194.228.247,3128
8.211.195.139,28737
192.227.131.149,6733
179.1.131.129,8080
201.182.251.142,999
64.49.36.98,8085
212.220.13.98,4153
192.111.139.165,4145
193.34.237.241,1080
50.114.28.82,5567
103.48.183.113,4145
51.77.141.29,4662
217.150.43.249,8080
176.74.193.6,36918
72.10.160.91,16851
13.51.162.56,8888
87.107.48.225,1080
46.227.37.185,1088
178.128.167.129,1080
103.155.54.26,83
12.50.107.217,80
185.88.141.109,80
138.117.229.17,999
159.65.144.65,15302
201.249.152.172,999
39.102.210.176,9098
172.67.167.214,80
82.103.70.227,4145
103.125.154.233,8080
187.19.201.48,8080
156.200.123.170,8080
8.220.204.215,9098
1.179.172.45,31225
202.162.219.12,1080
103.195.252.2,84
81.10.234.234,80
200.106.184.97,999
23.229.126.109,7638
85.209.161.102,80
142.54.239.1,4145
200.108.234.105,8080
147.45.211.249,80
103.242.119.88,80
216.74.115.146,6740
8.221.138.111,31433
35.189.183.169,3128
24.230.33.96,3128
118.174.209.75,4145
94.154.127.72,8085
103.191.129.245,8020
185.174.137.30,3128
195.246.54.31,8080
104.129.205.1,11876
80.90.188.187,24530
46.101.160.223,80
95.70.220.173,4153
201.174.73.70,11337
81.16.9.222,3629
185.32.44.161,4153
144.124.227.90,10808
194.28.162.12,1080
61.130.151.230,7302
34.29.41.58,3128
223.18.60.191,8080
200.39.139.65,999
115.187.50.40,5678
142.147.114.50,8080
202.74.243.182,228
102.210.56.58,8080
207.180.250.238,80
154.6.121.16,5983
200.69.78.90,999
213.156.124.3,33333
177.136.32.202,54443
185.86.5.162,8975
206.237.31.132,1080
94.154.221.91,5678
182.53.96.56,4145
67.213.212.57,23658
8.221.139.222,5060
172.232.4.168,80
8.213.222.247,30000
43.129.249.83,8888
103.58.16.106,4145
39.102.213.187,8081
161.82.141.220,8080
12.50.107.221,80
46.188.2.42,5678
184.105.133.1,48324
61.171.50.169,6688
103.10.55.137,8664
185.171.54.29,4153
23.227.39.186,80
181.65.169.35,999
94.154.127.194,8085
45.61.122.153,6445
202.88.251.73,8080
185.148.105.13,80
118.97.107.65,5430
161.35.188.95,3128
193.107.126.91,80
41.77.188.131,80
145.223.46.49,5599
184.181.217.213,4145
213.230.121.203,1080
46.23.141.142,5678
163.172.137.49,16379
165.225.61.19,10089
47.91.29.151,9098
23.227.39.0,80
122.248.46.26,4145
102.216.69.176,8080
142.54.231.38,4145
103.122.65.242,8080
138.0.143.119,8080
104.16.107.228,80
136.0.194.170,6907
31.220.4.240,18967
139.196.156.220,8888
205.185.114.78,5556
197.232.36.85,41890
95.31.8.229,80
47.88.104.126,3344
103.146.2.151,33333
68.71.252.38,4145
201.218.144.18,999
185.170.233.109,47574
140.235.171.133,8085
35.237.174.141,80
222.223.112.59,10800
124.90.45.58,10800
138.91.159.185,80
181.209.107.138,4153
104.253.77.92,5514
181.209.106.186,1080
82.114.92.222,4145
79.110.200.27,8000
45.231.221.193,999
89.110.115.238,80
183.80.54.224,1080
177.234.192.45,32213
82.24.212.205,5511
162.55.26.132,31280
103.151.47.22,46889
47.121.133.212,8008
61.7.138.170,5678
182.72.118.39,80
72.10.164.178,18431
216.205.52.208,80
201.182.248.149,8080
66.29.128.243,45155
185.113.10.134,80
103.189.218.85,6969
102.141.30.2,33333
15.168.235.57,391
65.109.176.217,80
161.123.93.81,5811
8.211.49.86,9080
213.246.56.156,9080
94.73.239.124,55443
8.213.215.187,3000
118.174.143.38,4153
138.197.203.84,59166
65.108.203.35,28080
72.205.0.67,4145
68.71.245.206,4145
98.170.57.249,4145
103.247.23.53,4317
190.61.84.166,9812
151.22.181.205,8080
66.29.128.241,12795
144.91.106.93,3128
168.235.82.57,80
142.111.161.49,6420
103.127.23.10,5678
185.88.177.40,80
167.235.155.77,47287
81.94.255.13,8080
190.71.24.129,999
216.24.57.131,80
89.110.80.195,10149
8.210.89.96,1080
115.74.152.221,1080
159.65.242.254,7497
217.69.121.71,5736
103.69.90.57,8081
180.180.171.113,4145
77.77.26.152,4153
41.57.6.45,8080
191.243.56.146,4153
213.168.210.76,80
38.51.48.19,5678
154.30.242.92,9486
105.235.193.46,5678
3.148.105.143,80
69.36.63.128,1080
41.174.132.82,5678
154.6.128.210,6180
45.43.81.237,5884
67.43.228.253,17933
8.210.4.18,7779
143.92.56.162,39500
31.163.192.152,4153
41.86.46.112,8080
123.200.7.110,8080
41.216.169.82,5678
110.77.232.172,4145
13.200.61.219,80
46.227.39.2,1088
190.61.48.24,999
200.41.60.33,4153
137.184.197.190,80
40.172.124.125,80
104.16.99.237,80
103.149.130.38,80
182.52.67.122,50801
109.167.83.209,5678
223.165.243.161,47205
146.103.56.206,5754
166.88.172.149,8085
194.31.64.39,6019
104.200.135.46,4145
103.152.92.134,21080
67.22.28.62,8080
103.111.160.41,5678
52.87.167.25,80
188.245.189.170,57842
72.221.164.34,60671
194.34.232.107,80
103.184.67.25,1080
36.95.189.165,5678
213.7.196.26,4153
45.196.148.191,5432
180.211.177.206,58080
18.142.81.218,80
112.205.92.14,8080
193.216.224.108,8192
180.180.123.40,8080
114.7.97.222,35010
122.160.30.99,80
190.12.95.170,37209
47.251.87.74,20125
36.67.136.27,5678
181.214.39.73,5719
8.213.195.191,30000
167.99.236.14,80
167.71.5.83,3128
203.172.136.211,8080
27.72.122.228,51067
131.221.233.11,4153
103.171.255.188,8080
191.45.33.59,4145
107.178.9.186,8080
8.213.197.208,8000
47.251.73.54,92
34.39.246.220,3128
89.38.96.16,14269
61.111.38.5,80
47.251.87.199,3128
118.27.111.97,80
45.234.100.102,1080
69.94.136.71,8443
190.136.50.67,3128
207.230.8.74,999
104.17.237.190,80
8.215.3.250,119
202.162.195.157,8080
192.111.135.17,18302
116.203.27.109,80
45.10.163.12,80
170.244.64.12,31476
212.227.65.114,80
141.147.33.121,80
188.128.86.74,1080
34.126.187.77,80
192.111.139.162,4145
190.104.26.227,33638
207.248.3.81,999
199.96.164.147,8085
72.195.34.42,4145
8.35.211.88,80
142.54.236.97,4145
172.93.187.26,80
94.232.11.178,58028
184.181.217.201,4145
190.122.144.23,5678
5.161.133.32,80
98.162.96.52,4145
12.50.107.222,80
191.97.19.66,999
72.210.221.223,4145
36.255.104.17,1080
104.248.158.27,25100
50.203.147.156,80
85.62.5.158,5678
107.173.185.72,80
50.203.147.153,80
167.253.19.155,8085
23.95.250.250,6523
62.4.37.104,60606
38.156.75.227,8080
38.146.52.210,10482
123.253.124.28,5678
64.49.38.242,8085
149.20.253.103,12551
122.252.179.66,5678
94.184.25.4,80
121.167.212.149,8130
194.186.127.60,80
45.65.113.18,27676
115.76.193.108,24810
45.91.93.166,26649
34.75.202.63,80
202.131.246.250,5678
45.136.25.251,8085
186.251.255.73,31337
98.162.25.4,31654
174.77.111.198,49547
1.117.233.128,10800
86.100.63.246,4145
23.27.75.105,6185
37.59.50.81,5055
18.135.126.187,8080
72.207.33.64,4145
216.39.248.155,33333
176.9.238.167,52533
202.40.181.220,31247
81.183.253.34,4145
107.181.154.112,5790
93.90.212.2,4153
130.51.180.63,42377
54.79.180.135,80
138.68.24.185,58170
89.237.33.1,51549
103.38.104.164,7777
104.238.38.179,6447
192.111.139.163,19404
139.5.73.71,8080
45.40.136.39,45741
83.147.29.57,8080
98.191.0.37,4145
78.129.253.148,80
43.130.169.32,22065
62.210.37.74,8012
67.227.1.125,6406
190.104.213.175,1080
41.190.57.66,5678
68.178.161.107,80
118.193.37.241,3129
221.153.92.39,80
18.153.96.159,80
105.214.82.133,5678
202.141.242.3,55544
87.107.166.6,8090
149.20.253.58,12551
167.99.124.118,80
91.151.88.220,6618
200.52.148.10,999
66.29.128.244,23597
50.193.36.173,8080
8.212.165.164,5080
83.219.1.130,5678
45.81.149.2,6434
190.0.15.18,5678
198.37.109.22,6129
139.162.166.167,43941
85.221.249.213,8080
159.246.55.31,80
204.199.140.20,999
171.228.130.70,50530
154.29.65.21,6129
80.63.84.58,8081
54.221.172.63,80
123.126.158.50,80
36.91.233.114,5678
85.235.184.186,3129
68.71.249.158,4145
80.191.40.41,5678
195.138.90.226,3128
39.102.209.121,9098
47.238.134.126,4002
178.32.143.55,32048
181.57.183.26,8080
46.202.248.110,5604
46.202.224.127,5679
177.136.124.47,56113
20.27.15.111,8561
192.111.134.10,4145
103.82.157.102,8080
190.89.37.73,999
72.10.160.91,28641
190.182.88.214,30956
46.101.102.134,3128
77.225.198.220,4673
147.161.163.33,10013
72.10.160.92,5449
195.225.49.135,55774
80.78.70.253,65530
198.37.121.78,6498
68.71.251.134,4145
181.48.70.30,4153
196.0.113.10,31651
177.234.192.47,32213
133.18.234.13,80
212.114.194.73,80
91.132.124.174,8085
125.25.32.228,8080
187.19.127.246,8011
58.96.60.165,80
178.32.100.226,2546
216.205.52.220,80
39.102.213.213,8080
98.188.47.150,4145
23.227.39.85,80
8.211.51.115,10243
47.74.18.0,45102
91.98.78.143,80
46.10.229.243,8080
47.252.11.233,1081
202.58.77.194,8031
46.160.90.81,5678
166.62.35.102,45775
45.230.170.58,999
213.226.11.149,59086
41.220.16.215,80
104.236.114.255,63949
208.102.51.6,58208
155.254.38.89,5765
145.241.249.192,8080
185.118.51.163,3128
47.252.18.37,8080
31.211.130.237,8192
173.245.59.70,80
45.41.169.62,6723
104.16.107.222,80
104.27.16.254,80
78.135.105.217,50504
81.30.27.147,33333
47.250.56.98,19190
110.77.145.159,4145
185.148.104.132,80
182.253.40.33,4153
8.138.125.130,8081
161.97.68.9,1080
92.45.19.35,5678
98.162.96.53,10663
139.59.225.188,12827
146.70.80.76,80
138.201.139.252,12344
104.238.37.130,6687
125.66.165.154,7302
219.93.101.60,80
50.199.46.20,32100
123.231.230.58,31196
120.25.189.254,8080
3.143.37.255,80
116.130.233.22,3129
20.78.213.56,80
213.32.252.134,5678
182.253.140.250,5678
186.211.157.19,8080
81.180.92.198,8080
45.135.139.45,6348
46.0.192.86,80
104.245.244.85,6525
125.228.143.207,4145
150.230.59.34,8080
181.115.74.172,5678
192.111.135.18,18301
103.171.182.229,8080
213.248.39.166,4153
156.246.90.81,80
47.100.207.117,8080
23.27.210.150,6520
154.90.48.76,80
39.102.213.187,8443
196.0.111.194,48009
186.208.81.214,3129
177.36.13.65,5678
198.8.84.3,4145
84.38.185.139,3128
161.35.91.95,80
121.139.218.165,31409
45.56.115.58,7497
69.49.246.33,59392
194.31.33.50,1080
8.211.194.85,8008
209.222.97.30,43209
81.177.111.146,8080
211.73.178.144,80
20.4.252.219,3128
43.153.71.78,19090
68.71.242.118,4145
103.197.49.12,8080
45.90.216.103,8080
103.149.194.9,32650
141.105.107.152,5678
85.235.150.219,3128
109.104.212.25,4153
190.119.160.30,56160
213.172.89.227,4153
80.190.83.71,3128
193.105.124.46,1080
103.14.2.89,2020
179.107.50.108,4153
188.164.199.199,36938
142.54.237.38,4145
187.141.129.86,4153
36.92.87.73,5678
107.172.116.77,5533
168.119.118.142,58164
213.171.214.19,8001
185.190.38.1,8080
45.249.79.190,3629
177.72.115.17,31164
31.211.142.115,8192
27.121.101.5,5678
54.92.199.26,80
213.142.156.97,80
18.139.174.181,80
82.137.250.156,4145
190.121.4.157,999
172.67.208.182,80
199.116.114.11,4145
187.49.207.65,4153
119.93.122.233,4145
37.252.66.125,46324
157.66.16.69,5568
13.232.245.132,80
35.185.254.159,80
12.158.87.26,39593
176.99.2.43,1080
190.110.99.189,999
114.99.12.65,8004
202.55.175.237,1080
203.28.9.107,80
121.29.81.125,1080
41.65.160.171,1981
40.89.145.14,80
103.75.117.79,80
103.171.255.246,8080
190.8.164.24,8086
15.188.181.110,80
103.130.70.253,83
193.200.151.158,8192
116.58.254.88,4145
173.211.8.114,6226
31.57.42.115,6385
181.39.27.225,1994
195.26.224.135,80
181.57.131.122,8080
200.108.197.2,8080
89.133.95.177,4145
101.43.15.115,8081
103.141.70.48,8080
174.126.217.110,80
91.203.114.71,42905
93.177.103.24,50471
60.249.94.59,3128
194.87.77.22,80
186.26.95.249,61445
16.163.88.228,80
78.9.234.55,8080
125.26.4.197,4145
185.66.88.86,57752
80.63.107.90,4153
103.150.110.202,9969
91.99.181.245,80
172.99.187.33,4145
70.166.167.38,57728
103.177.235.207,82
174.77.111.196,4145
45.43.81.242,5889
54.37.115.191,37748
82.206.131.58,10801
172.193.178.226,80
8.242.178.5,999
94.154.113.117,8085
62.201.212.198,4673
188.133.160.22,4145
37.235.53.208,14888
112.78.39.91,4153
142.11.222.22,80
39.175.80.225,1080
204.199.139.125,999
8.218.227.50,1011
64.225.8.179,10000
103.239.200.226,11
3.24.58.156,3128
63.141.128.129,80
103.134.165.38,8080
145.223.58.95,6364
15.207.217.145,80
198.105.111.155,6833
45.112.125.55,4145
188.134.9.40,1080
189.89.154.130,3128
167.253.19.122,8085
103.81.152.1,83
176.236.163.35,59311
94.26.241.120,8080
58.152.58.208,80
34.234.201.164,80
217.150.40.189,3128
46.62.248.217,80
8.211.194.78,5671
101.109.245.200,4153
83.98.243.179,80
184.178.172.14,4145
181.205.41.210,7654
190.94.212.249,999
104.17.184.200,80
184.178.172.25,15291
155.254.38.61,5737
142.54.235.9,4145
109.111.166.40,8080
72.37.216.68,4145
8.211.194.78,138
82.210.56.251,80
106.15.193.237,8088
138.255.14.20,8080
80.235.108.14,8080
157.230.177.47,7497
85.214.204.79,80
103.139.246.166,5678
138.68.235.51,80
190.238.231.65,1994
23.94.138.143,6417
51.68.164.77,38845
172.105.118.164,3128
103.121.214.50,4145
174.138.119.88,80
162.220.246.35,6319
103.48.71.142,83
64.49.67.166,5678
76.81.6.107,31008
213.249.123.18,1080
195.154.43.198,59216
199.217.98.100,2525
184.178.172.28,15294
82.130.202.219,43429
23.227.39.252,80
104.238.50.83,6629
190.111.209.207,3128
72.195.34.60,27391
103.132.52.42,8080
64.64.118.91,6674
23.27.93.53,5632
194.110.150.80,8085
181.15.154.154,52033
176.108.146.180,1080
123.200.6.58,5678
110.74.202.186,4153
93.190.141.204,11048
185.148.105.138,80
78.63.115.20,8899
116.99.229.3,24026
94.247.208.16,8123
142.54.237.34,4145
109.111.212.78,8080
54.38.94.26,17809
1.0.236.7,8081
45.62.167.249,80
202.162.105.202,80
181.174.231.153,999
147.45.232.203,8080
50.250.75.153,39593
133.232.90.126,80
84.241.188.138,8111
179.1.95.213,999
20.81.205.173,80
103.134.214.130,1648
20.96.194.191,3128
175.144.198.226,31694
212.3.104.126,8080
167.172.138.48,49167
154.79.254.236,32650
182.253.93.3,53281
5.188.190.114,80
181.214.1.228,80
197.211.24.206,5678
104.17.99.186,80
185.51.92.84,51327
109.245.231.73,8192
181.48.243.194,4153
114.236.93.203,15800
98.181.137.83,4145
82.23.203.134,5442
31.129.147.102,1080
195.85.23.0,80
201.46.29.115,5678
103.239.201.49,58765
154.29.87.164,6585
213.145.137.102,37447
23.229.110.137,8665
51.159.134.210,3128
103.163.244.106,1080
216.215.125.178,48324
45.233.90.1,443
80.234.85.2,7788
190.142.86.9,8080
94.231.188.230,4153
47.74.46.81,11310
98.170.57.231,4145
195.154.43.198,39522
67.227.37.232,5774
152.232.14.221,7352
174.138.62.182,43715
8.211.195.139,8080
222.98.121.226,80
47.76.144.139,8008
200.105.192.6,5678
47.254.198.237,3128
116.9.163.205,5678
72.10.160.90,6227
154.30.251.185,5326
5.135.136.60,9090
176.241.82.149,5678
155.50.213.149,3128
46.161.6.165,8080
82.147.123.185,10808
52.191.208.232,80
192.200.160.183,80
201.158.15.134,35010
182.34.195.204,1080
117.4.107.199,51796
154.29.87.98,6519
210.95.145.226,3128
72.240.9.63,80
79.110.200.148,8081
154.61.76.24,8081
5.182.5.116,11145
8.213.197.208,45
209.14.98.6,8080
8.211.194.78,80
176.98.40.209,80
212.83.143.151,31442
203.202.245.99,9990
103.160.12.138,4145
43.208.240.77,12587
47.238.134.126,8004
45.43.81.22,5669
102.38.17.193,8080
178.245.146.161,3128
139.162.167.184,80
202.179.69.216,58080
46.37.193.234,33333
150.136.120.240,3128
185.118.51.230,3128
197.221.240.178,80
173.211.69.141,6734
85.198.108.224,15987
45.41.178.180,6401
205.185.116.159,5556
184.178.172.26,4145
207.230.8.69,999
185.51.92.108,51327
203.150.132.42,14153
47.254.36.213,1080
89.200.217.25,8080
52.24.80.166,80
142.54.226.214,4145
179.49.162.33,999
47.252.18.37,80
103.54.57.117,50460
41.223.119.156,3128
152.53.168.53,22989
8.209.96.245,89
68.183.180.48,8080
192.252.208.67,14287
49.128.199.163,50100
173.249.210.102,80
27.66.100.236,1080
85.30.215.48,60541
91.220.69.43,3629
64.227.106.157,80
178.215.163.218,4145
185.193.29.241,80
38.54.71.67,80
45.41.179.172,6707
50.114.15.118,6103
192.99.201.39,18336
116.49.198.1,80
72.10.160.173,8253
115.76.199.219,30302
88.255.102.114,1082
67.210.146.50,11080
67.43.236.19,18841
103.247.21.226,4320
47.101.32.153,1080
41.33.66.228,1981
102.129.137.125,8080
24.249.199.12,4145
155.50.208.37,3128
139.5.64.108,80
103.174.178.131,1020
47.91.65.23,3128
188.255.247.251,5678
46.209.54.102,8080
198.105.122.49,6622
47.251.87.74,1081
81.169.213.169,8888
170.239.205.74,8080
103.227.24.36,8080
138.68.60.8,3128
36.37.189.64,5678
3.130.228.7,80
46.47.82.16,4153
195.138.73.54,31145
88.245.138.87,1080
161.35.229.155,61658
213.210.67.186,3629
47.76.144.139,80
188.245.218.56,80
173.249.2.58,5964
85.237.62.189,3629
140.235.169.61,8085
51.158.105.157,16379
184.60.66.122,80
171.247.247.100,1080
103.166.124.249,8199
83.168.74.163,8080
47.116.210.163,8008
98.188.47.132,4145
185.54.178.193,1080
81.44.83.70,8080
107.173.150.196,6650
72.206.181.123,4145
142.147.132.208,6403
103.97.94.22,4153
96.36.50.99,39593
45.179.246.65,999
92.119.74.49,5678
72.207.113.97,4145
47.238.203.170,50000
5.202.176.42,80
182.52.70.117,4145
119.197.63.146,8118
72.206.181.97,64943
152.232.14.115,7246
186.185.201.243,25
72.10.160.172,17385
115.85.74.114,5678
185.112.224.151,1080
78.131.57.23,8080
45.8.211.241,80
61.178.99.43,7302
8.220.205.172,12000
167.71.241.136,33299
31.135.21.185,80
197.221.249.198,80
103.146.170.244,5678
47.252.18.37,8081
118.136.82.136,5678
98.64.128.182,3128
39.104.16.201,8443
120.77.203.0,443
1.212.157.114,4145
104.236.52.89,20745
103.88.169.6,3629
68.178.207.17,63518
41.73.253.234,4145
45.236.215.111,54029
87.248.171.0,49650
3.24.113.115,80
5.144.181.141,80
167.99.174.59,80
84.39.112.144,3128
213.165.185.211,4153
104.17.51.228,80
84.52.123.163,4145
104.168.8.55,5508
105.234.148.210,35010
197.234.13.90,4145
43.153.140.207,20357
23.227.60.5,80
45.43.81.78,5725
108.162.193.43,80
220.90.95.129,56452
172.105.105.132,1080
186.208.248.46,8080
162.55.8.72,26379
125.141.133.49,5566
64.20.43.89,1080
1.10.133.237,4145
8.211.195.139,4145
148.135.144.173,5669
68.71.247.130,4145
8.211.49.86,3129
47.238.134.126,8081
103.182.240.75,1080
139.162.200.213,80
197.245.83.20,5678
189.203.181.34,1080
45.167.124.138,999
178.33.162.89,58574
117.6.50.252,8080
103.147.182.36,80
192.151.153.243,80
162.43.73.18,8080
155.133.83.161,58351
172.120.102.197,6357
103.36.11.18,8199
182.72.118.34,80
13.202.37.64,80
202.142.159.204,31026
185.128.242.4,45629
77.238.79.111,5678
170.246.198.24,5678
185.238.228.99,80
46.105.35.193,8080
175.29.125.242,8080
122.52.196.36,8080
200.123.109.166,4153
8.211.200.183,80
134.19.254.2,21231
8.211.42.167,25565
155.254.38.12,5688
36.253.18.38,8181
51.112.102.82,80
50.203.147.158,80
185.43.189.182,3629
173.214.176.99,6070
131.196.180.1,4153
8.210.17.35,4321
8.213.134.213,6666
172.82.64.79,3128
36.95.61.186,8080
46.174.23.200,5678
47.89.159.212,1081
98.182.171.161,4145
83.217.162.15,80
207.180.252.117,2222
77.242.177.57,3128
92.113.7.237,6963
178.210.130.89,5678
24.249.199.4,4145
103.78.170.13,83
38.7.221.191,8080
45.39.25.25,5460
202.178.120.30,1080
37.157.217.144,10810
45.80.110.48,80
41.220.16.213,80
81.162.60.120,8080
103.143.116.44,35010
47.254.36.213,45
47.238.128.246,9200
202.151.163.10,1080
77.110.104.126,80
39.187.67.226,1080
35.244.232.197,80
202.83.30.96,80
102.223.20.217,80
18.202.158.161,80
103.127.106.209,2024
166.88.224.11,5909
24.172.34.114,49920
95.128.142.76,1080
173.212.212.254,44011
144.125.164.222,8080
47.94.104.204,8118
103.125.160.178,83
8.42.68.249,39593
79.174.12.190,80
45.181.190.2,8090
216.205.52.135,80
41.139.151.147,80
165.90.60.73,4145
64.56.150.102,3128
145.223.46.217,5767
103.72.137.209,8080
185.227.138.121,80
50.203.147.155,80
186.47.213.158,5678
8.211.42.167,80
155.254.9.2,36510
116.99.239.65,30102
74.119.144.60,4145
81.196.53.88,80
149.129.255.179,9098
72.221.171.130,4145
116.106.107.76,1080
45.135.139.126,6429
188.40.137.106,6969
49.207.177.65,5678
103.116.145.67,33333
184.170.248.5,4145
47.251.73.54,9098
190.186.237.103,80
177.229.210.50,8080
206.238.237.219,80
3.12.178.169,80
192.177.103.197,6690
84.241.25.151,80
8.211.200.183,1720
222.255.238.159,80
145.223.46.32,5582
154.79.242.178,10801
18.194.136.227,80
218.78.65.202,6688
62.74.223.178,33333
165.227.118.27,80
103.189.235.233,1080
34.146.60.198,80
45.64.99.145,4145
95.87.30.11,8080
149.129.255.179,9050
206.220.175.2,4145
138.197.222.165,80
154.6.8.208,5675
74.119.147.209,4145
157.175.169.150,80
35.180.127.14,1001
8.212.177.126,8080
173.239.219.250,6159
51.222.241.8,42378
123.202.159.108,80
45.127.250.63,5672
103.195.65.254,8080
146.19.9.236,80
125.141.139.110,5566
8.221.138.111,5060
136.243.148.97,25928
35.209.198.222,80
8.137.38.48,7890
95.216.49.153,80
190.119.160.29,56160
45.153.68.53,8118
209.126.6.159,80
45.173.6.227,999
104.18.95.166,80
66.135.16.53,80
88.204.216.142,33156
191.101.188.171,6925
202.165.38.185,17538
47.251.74.38,80
162.255.110.107,8080
193.151.130.114,8086
125.141.133.98,5566
177.93.44.53,999
43.242.104.36,8111
8.213.222.247,8080
190.144.224.182,44550
220.67.2.2,80
202.159.30.1,443
201.182.251.140,999
179.61.245.53,6832
185.118.155.202,8080
149.202.172.113,80
47.91.29.151,33427
51.89.68.78,9050
31.134.7.104,8085
171.250.222.73,1080
41.191.203.160,80
184.174.27.190,6413
93.175.194.155,3629
49.0.156.20,32000
103.75.185.134,6359
194.36.55.184,80
217.29.18.206,4145
47.238.60.156,18081
51.158.98.211,16379
45.43.64.49,6307
218.75.69.50,56430
45.43.81.105,5752
198.105.100.219,6470
91.213.119.246,46024
118.179.205.170,8080
98.181.137.80,4145
93.103.8.183,4153
203.115.101.61,82
8.211.200.183,2019
195.228.65.164,5678
107.152.98.5,4145
185.36.145.246,80
201.229.250.21,8080
72.49.49.11,31034
188.134.1.49,3629
8.211.42.167,9098
132.148.244.30,45157
107.174.136.150,6092
193.202.16.155,8085
85.172.66.254,1099
181.113.135.254,50083
91.200.114.58,55749
5.19.101.163,33333
8.213.156.191,6666
159.192.138.170,8080
46.146.220.180,1080
138.68.60.8,1080
184.178.172.11,4145
202.79.35.143,4153
40.172.79.208,80
159.69.31.188,40424
221.202.27.194,10810
190.140.31.195,9900
5.182.26.129,4145
15.235.192.85,80
139.144.180.43,80
185.196.178.238,60606
45.61.187.67,4009
14.241.182.44,5678
93.118.96.220,80
89.110.65.39,9999
194.1.232.150,33333
155.50.241.99,3128
150.136.163.51,80
62.220.112.32,1080
102.223.9.53,80
50.236.148.246,31699
166.88.224.201,6099
154.201.76.6,8080
137.184.228.194,40886
125.25.40.38,8080
157.100.6.202,999
50.114.15.190,6175
72.221.232.155,4145
43.251.119.79,45787
88.99.148.60,8111
186.10.102.218,5678
77.235.23.130,5678
45.33.21.96,4748
186.167.112.91,999
104.129.206.202,10160
118.67.220.225,4145
103.153.232.41,8080
50.114.93.208,6192
8.211.51.115,4000
178.18.245.90,29910
77.238.245.210,8080
103.224.54.233,31433
200.7.8.74,8080
186.155.230.114,999
177.200.82.190,5678
58.69.201.117,8082
209.141.58.213,5556
217.73.177.180,33080
88.255.102.123,8080
115.127.87.245,10800
203.160.56.1,5678
80.78.64.70,4145
103.235.199.100,25566
166.88.178.127,8085
98.178.72.21,10919
45.136.27.142,8085
190.43.92.249,5678
8.213.215.187,176
47.91.29.151,80
104.17.63.127,80
104.143.224.216,6077
186.46.166.50,5678
94.154.127.13,8085
194.156.74.84,9999
190.94.212.82,999
97.76.251.138,8080
47.251.74.38,9098
44.199.53.97,80
203.112.134.74,5678
8.219.55.116,80
90.84.17.133,3128
112.109.20.234,4153
188.93.64.242,4153
31.172.133.253,4153
103.195.252.161,83
104.238.38.119,6387
47.74.46.81,6379
103.174.178.145,2005
159.65.166.126,8118
41.220.22.7,80
216.205.52.228,80
95.178.108.189,5678
37.187.29.43,17612
45.32.94.217,8888
38.183.144.25,1080
31.148.207.153,80
103.76.253.66,3129
31.146.84.142,61669
89.179.112.252,5678
149.129.255.179,5060
47.76.189.189,8899
50.122.86.118,80
219.65.73.81,80
92.113.7.193,6919
13.201.46.189,80
103.65.237.92,5678
194.158.203.14,80
203.189.154.151,1080
23.229.125.84,5353
88.255.218.79,8080
47.90.149.238,8080
114.23.106.113,60606
103.48.71.162,83
151.232.18.66,5678
113.160.188.21,1080
213.149.182.98,8080
184.174.44.139,6565
202.138.242.6,38373
35.152.252.253,8080
94.198.40.18,80
159.69.214.139,3128
14.63.49.131,4145
181.209.106.189,1080
140.250.150.56,1080
45.249.78.25,83
89.58.55.33,80
176.74.199.115,19524
77.34.77.97,4145
85.98.163.125,8080
95.217.137.46,8080
41.223.108.13,1080
20.27.14.220,8561
8.218.220.123,8080
45.190.141.241,1080
23.27.210.136,6506
8.212.19.42,80
8.210.17.35,9443
87.98.173.34,80
103.171.255.245,8080
89.185.28.37,1234
153.19.91.77,80
185.87.121.5,8975
79.101.106.74,33608
8.211.194.85,10000
122.175.58.131,80
138.59.151.162,8080
203.210.235.91,5678
154.17.224.118,80
195.114.209.50,80
103.16.62.138,10888
213.250.198.66,4145
119.17.204.225,1080
23.251.62.210,10080
92.255.205.129,8080
45.171.216.12,3629
119.93.129.34,80
58.18.39.58,10800
185.190.90.2,4145
113.161.145.229,4153
72.52.217.188,80
103.204.82.34,3212
37.26.136.224,4153
13.78.120.128,80
12.50.107.220,80
182.53.202.208,8080
103.216.49.229,33333
182.160.124.174,9669
147.75.34.93,9443
91.203.179.72,65056
41.70.106.1,5678
8.221.138.111,6379
142.147.245.179,5870
208.76.222.56,20473
51.222.155.142,80
167.249.52.66,999
103.69.20.131,10888
178.175.231.13,80
193.56.20.151,8085
188.19.15.242,8080
74.249.180.117,3128
192.99.244.173,15590
107.181.168.145,4145
159.224.232.194,8888
67.205.153.110,51528
93.180.222.134,8080
68.183.143.134,80
166.88.178.150,8085
213.226.122.5,7788
47.109.110.100,9080
212.34.116.58,4145
8.211.49.86,808
213.6.170.17,80
51.158.108.134,16379
197.218.16.16,3128
162.220.247.92,6687
104.25.50.43,80
204.217.129.117,5433
181.209.253.168,35010
185.225.20.242,80
198.105.122.193,6766
176.9.238.173,47679
146.59.229.78,2053
160.25.8.141,11011
45.115.115.37,9090
192.111.129.145,16894
8.213.222.247,8008
202.162.219.10,1080
85.238.74.91,8080
216.24.57.47,80
92.205.28.130,28189
103.122.60.213,8080
181.129.43.3,8080
192.111.138.29,4145
82.67.115.246,80
199.102.105.242,4145
193.8.87.57,4444
212.33.248.45,1080
104.21.224.33,80
218.147.194.3,80
194.233.88.202,12187
213.6.38.50,59422
195.175.31.222,8080
67.227.112.13,6053
154.31.113.209,80
103.74.227.130,56417
47.251.87.74,84
113.53.91.26,4153
160.248.7.177,80
14.232.166.150,5678
217.69.121.65,5730
217.145.225.72,8085
185.77.223.102,8085
31.59.13.129,6399
201.218.144.19,999
13.87.246.128,3128
195.110.59.82,80
102.213.219.238,8080
117.54.114.99,80
176.119.16.4,8534
44.213.1.118,80
51.8.61.60,80
190.15.210.143,33333
103.233.103.237,4153
100.27.183.62,8080
145.239.199.241,80
39.102.209.163,8008
20.223.127.248,3128
82.24.212.33,5339
200.152.100.194,1080
192.111.130.5,17002
106.245.183.58,4145
104.232.209.81,6039
170.81.141.254,61437
143.42.194.37,3128
181.143.59.140,4153
45.61.124.7,6336
202.137.144.228,8080
212.23.175.80,8443
134.209.29.120,3128
49.0.37.210,8080
43.159.29.14,28492
103.42.28.27,45787
171.22.27.147,36625
139.59.1.14,8080
13.235.43.214,80
62.60.151.128,80
201.234.186.194,8081
91.226.97.222,80
41.220.16.211,80
64.225.4.85,9997
177.68.149.141,1080
110.77.149.227,4153
200.174.198.32,8888
79.137.17.104,80
104.143.226.83,5686
190.116.2.52,80
81.12.157.98,5678
103.138.123.65,8090
181.13.198.90,4153
36.95.39.122,1080
203.57.51.53,80
78.153.225.20,80
47.238.128.246,10002
62.89.31.216,3629
186.159.6.163,1994
201.219.201.14,999
47.90.149.238,4145
159.223.32.95,8080
204.199.140.27,999
8.213.128.6,9443
36.64.5.162,5678
5.253.43.120,3128
115.127.180.90,5678
46.101.92.46,3128
62.220.112.137,5678
184.181.217.210,4145
8.211.195.139,5060
47.176.213.210,39593
134.249.128.111,1080
175.208.236.114,8282
45.174.191.135,8080
209.145.59.247,11698
95.216.221.140,19327
152.67.99.80,80
176.123.168.129,8080
165.22.63.252,3128
16.170.1.8,80
80.253.246.238,6618
8.210.17.35,5060
202.152.15.2,4145
80.78.77.52,65530
102.165.125.102,5678
113.177.204.26,8080
190.220.1.173,35376
5.133.219.4,63434
117.54.114.96,80
103.103.88.103,8888
81.250.223.126,80
194.28.91.10,5678
184.181.217.220,4145
104.16.0.91,80
216.74.118.190,6345
199.229.254.129,4145
162.144.74.156,3620
18.195.164.53,7777
162.214.170.144,33394
67.201.39.14,4145
41.128.148.78,1976
31.43.194.184,1080
103.216.51.36,32650
77.241.20.215,55915
202.168.146.109,1080
190.61.40.186,8080
103.231.78.36,80
203.30.188.224,80
54.36.81.217,8080
187.19.127.180,4153
200.80.227.234,4145
137.184.100.135,80
182.16.240.49,30617
115.127.80.1,9090
8.209.96.245,193
8.220.194.115,1080
14.248.80.34,5678
103.102.85.1,8080
87.239.31.42,80
107.219.228.250,7777
184.168.146.10,31661
176.236.37.132,1080
70.166.65.160,4145
31.58.30.195,6777
202.70.80.153,5678
93.127.163.52,80
47.251.161.44,3129
222.165.205.212,1452
62.122.201.246,50129
89.238.206.2,33333
181.115.206.242,3128
72.206.181.103,4145
8.221.138.111,4002
195.138.65.34,5678
8.213.197.208,8081
123.112.160.187,8090
61.184.189.124,10800
178.212.144.7,80
8.221.139.222,6379
123.118.230.220,44844
27.147.239.162,35010
107.181.154.212,5890
90.156.169.163,80
130.193.123.34,5678
77.42.31.147,80
47.56.110.204,8989
104.232.209.23,5981
181.115.152.114,4153
204.217.245.69,6660
104.236.114.255,25466
72.10.160.93,7741
173.211.30.120,6554
47.84.70.29,8888
89.249.195.185,6940
45.187.71.208,5678
120.42.35.91,35010
190.120.252.174,999
183.89.41.224,8080
170.246.183.250,3128
182.124.141.138,8118
213.198.133.231,1080
38.159.63.8,999
199.102.104.70,4145
94.250.250.154,3128
80.78.74.8,65530
180.180.218.250,8080
144.76.75.25,4444
103.174.178.137,1020
51.158.79.141,16379
89.43.133.165,8080
128.199.202.122,1080
192.252.220.92,17328
116.118.98.10,5678
47.119.22.156,8080
5.23.104.251,1080
136.0.184.73,6494
8.211.194.78,4002
154.66.110.146,57555
52.48.229.227,80
51.89.25.24,80
193.56.20.81,8085
39.102.209.128,80
8.213.222.247,9098
184.178.172.18,15280
78.133.163.190,4145
185.244.208.195,23699
202.133.88.173,80
85.217.192.39,4145
182.72.111.96,80
127.0.0.7,80
4.213.98.253,80
121.40.185.42,1080
51.158.64.130,16379
103.176.179.84,3128
43.159.29.191,26883
47.242.34.249,33888
202.131.235.138,4153
192.236.160.186,80
95.216.230.239,80
173.211.30.168,6602
193.158.12.138,4153
103.134.242.121,8080
36.66.203.163,5678
190.14.249.111,8080
182.72.111.101,80
103.76.108.173,8080
31.43.33.56,4153
190.128.241.102,80
155.254.38.168,5844
118.70.124.195,5678
103.86.1.25,4145
202.137.141.212,5678
43.153.66.118,80
213.73.25.230,8080
103.171.245.111,1080
103.180.73.107,8080
47.74.46.81,98
196.202.210.73,32650
63.151.67.7,8080
103.196.7.38,4153
223.25.110.37,8199
208.64.37.70,8000
184.178.172.3,4145
44.225.30.92,80
45.79.203.254,48388
166.88.172.192,8085
47.238.130.212,20
170.233.30.33,4153
197.234.13.60,4145
31.13.239.4,5678
103.141.150.147,8080
188.169.84.30,5678
117.54.114.33,80
176.126.103.194,44214
46.202.71.131,6126
197.221.234.149,80
103.81.12.1,44832
95.31.42.199,3629
197.248.204.231,8080
103.138.123.242,8082
194.163.182.234,53941
139.59.7.217,36590
104.37.175.200,22292
190.85.43.6,8080
8.209.96.245,4153
102.177.176.196,80
121.147.3.119,56452
47.76.144.139,4002
184.181.217.206,4145
68.1.210.163,4145
166.88.235.117,5745
104.21.17.173,443
212.114.194.74,80
24.75.156.114,3366
8.211.194.78,9080
103.155.54.38,83
216.158.230.93,80
143.44.191.108,8080
95.128.137.159,65056
103.189.218.76,6969
170.106.76.24,25257
165.154.236.214,80
41.191.203.163,80
190.5.77.211,80
34.48.171.130,33080
159.65.11.208,8080
47.238.128.246,4145
200.43.231.17,4145
39.104.57.33,8080
205.240.77.164,4145
103.18.47.79,4145
194.186.35.70,3128
62.113.115.94,16072
185.43.249.148,39316
5.58.66.55,14888
41.220.16.214,80
0.0.0.0,80
163.172.132.238,16379
222.105.104.35,8118
34.160.131.0,1089
220.88.5.106,80
72.195.114.169,4145
103.157.219.4,80
170.64.233.94,8080
8.211.49.86,119
103.12.246.49,4145
51.178.165.36,3128
165.225.110.77,10605
81.177.6.63,3128
176.31.197.192,8080
20.78.26.206,8561
144.91.113.229,57018
223.25.109.163,8199
143.47.59.115,8118
132.255.21.123,999
155.248.213.236,3128
103.174.178.133,1020
45.82.65.67,32686
8.213.128.6,6789
60.217.64.237,35292
177.107.186.183,3389
45.145.128.88,8085
190.182.88.226,52339
109.86.228.165,5678
93.183.94.124,14891
81.161.236.152,8080
47.242.78.37,1011
103.122.64.230,8080
188.40.57.101,80
82.26.74.193,9004
98.175.31.195,4145
91.200.163.19,8088
1.9.167.35,60489
182.72.118.38,80
103.148.113.73,8199
46.0.203.186,8080
213.190.26.158,1080
52.79.107.158,8080
172.237.73.24,80
146.56.178.93,1711
193.233.218.222,8085
182.72.203.246,80
157.180.118.86,80
204.69.207.48,80
139.59.14.115,33292
165.22.98.107,3128
23.236.247.56,8088
72.221.232.152,4145
150.230.207.167,80
176.126.85.247,16379
47.90.149.238,9098
192.252.208.70,14282
171.254.219.98,1080
65.49.82.7,17202
94.154.127.143,8085
192.252.211.193,4145
82.214.86.82,8080
8.213.222.157,100
45.4.202.146,999
78.47.103.89,8080
209.250.230.101,9090
93.184.7.26,1080
192.252.209.155,14455
8.213.128.6,19
219.93.101.63,80
50.203.147.157,80
185.238.228.160,80
89.43.133.197,8080
8.210.17.35,100
47.104.198.111,8008
139.59.1.14,80
103.151.119.41,8080
36.64.238.82,1080
192.111.137.37,18762
104.248.225.143,1352
188.165.215.87,59966
51.15.5.21,60349
155.0.181.254,41174
5.58.47.25,3629
91.107.203.75,8080
45.144.30.254,443
181.5.212.246,1080
51.15.210.79,16379
198.105.100.155,6406
103.1.105.10,4153
1.179.148.33,1080
118.172.47.97,51327
80.78.73.120,65530
190.61.32.168,6969
193.164.155.166,80
104.25.15.47,80
78.39.10.11,3128
8.213.197.208,1080
8.213.134.213,18080
110.235.249.8,33333
38.127.172.95,46656
59.45.13.219,3629
217.23.6.121,15324
64.64.118.130,6713
83.220.46.106,4145
65.21.131.27,80
12.218.209.130,13326
37.187.88.32,8001
20.205.115.87,8080
8.221.139.222,9080
103.86.1.9,4145
103.51.46.251,13381
212.115.232.79,10800
37.26.86.206,4145
47.91.29.151,6379
31.58.18.182,6451
187.60.67.218,5678
218.4.192.62,7302
221.134.152.75,7302
41.190.152.130,4673
185.200.119.90,8443
36.94.110.49,5678
146.103.3.85,7138
200.33.20.25,80
116.49.248.98,80
45.41.169.162,6823
185.162.229.157,80
186.225.149.81,4145
108.162.193.185,80
1.1.109.141,9999
197.232.25.204,8080
173.214.176.112,6083
96.70.52.227,48324
143.202.97.171,999
78.129.253.152,80
13.92.20.105,9080
149.202.75.85,36666
132.148.15.194,27593
51.44.182.158,400
72.10.160.91,2077
5.183.70.46,1080
31.134.10.69,8085
178.128.108.212,6415
72.195.34.58,4145
31.59.33.72,6648
188.40.158.211,1088
188.191.164.55,4890
152.232.16.145,8696
199.58.184.97,4145
129.226.90.169,443
138.94.28.234,40658
185.165.240.228,33363
47.76.144.139,4006
210.245.51.76,4145
8.212.161.91,1080
118.173.230.149,1080
8.211.49.86,8081
93.177.126.79,8088
200.54.194.13,53281
119.46.2.245,4145
182.72.111.102,80
199.119.74.239,33333
177.137.207.166,1080
8.213.128.6,1111
217.173.31.28,1080
8.213.215.187,4002
50.113.36.155,8080
193.25.121.222,8080
146.103.56.200,5748
174.75.211.222,4145
95.179.242.209,80
35.154.136.66,80
185.202.175.172,6960
103.112.55.166,1088
170.210.121.190,8080
8.220.205.172,8081
72.221.196.157,35904
192.241.104.181,8275
68.71.241.33,4145
185.61.38.140,1080
136.0.118.146,6518
43.132.184.228,8181
45.136.27.108,8085
36.67.88.77,4153
185.129.117.221,80
140.235.1.25,8085
207.246.234.115,4669
178.151.134.232,5678
45.59.161.76,5868
116.197.129.170,4145
185.216.18.138,44550
103.48.181.189,4145
38.156.72.48,8080
185.14.47.52,16088
8.211.195.173,5060
103.102.142.98,4145
8.211.194.85,3128
43.156.29.89,7059
49.156.38.126,5678
31.57.46.235,80
186.235.201.10,8080
47.79.40.185,12462
197.232.43.224,1080
188.247.39.14,43032
119.237.43.106,80
5.188.64.79,5678
139.162.16.201,80
191.97.16.160,999
110.78.146.11,4145
39.102.208.149,9999
102.0.16.252,8080
181.129.182.138,5678
178.128.172.154,3128
46.98.185.160,5678
192.252.211.197,14921
103.189.63.149,53053
82.136.54.88,30755
195.78.100.162,3629
166.62.85.184,42828
46.101.19.131,80
107.174.194.55,5497
102.38.22.121,8080
125.25.40.41,32650
115.127.62.50,1088
47.119.19.221,9080
181.120.28.228,80
198.199.86.11,80
94.159.106.252,1080
37.131.165.19,59341
193.176.242.186,80
154.31.115.210,80
125.25.43.202,8080
157.230.226.230,1202
34.205.181.146,80
52.188.28.218,3128
47.74.46.81,3128
163.172.161.35,16379
190.14.5.163,5678
200.24.130.138,999
80.103.163.1,80
143.198.135.176,80
138.124.49.149,10808
125.227.225.157,3389
45.61.97.192,6718
103.109.2.94,4153
178.255.44.60,58968
41.93.71.21,80
192.252.210.233,4145
72.195.34.41,4145
84.241.6.102,8080
45.145.129.20,8085
103.37.82.134,39873
38.180.2.107,3128
91.132.124.248,8085
91.246.51.161,8085
8.213.197.208,31433
103.159.88.72,29001
87.95.146.131,80
185.148.105.94,80
103.204.54.50,1080
103.70.159.152,5678
46.62.254.141,80
72.207.109.5,4145
184.170.251.30,11288
47.89.159.212,6379
179.61.245.144,6923
154.65.39.7,80
192.81.128.182,8089
67.43.236.18,17781
93.230.164.47,1234
103.239.253.66,8080
43.153.81.60,443
1.1.1.18,80
190.54.100.74,5678
61.155.235.58,10800
5.133.214.122,22799
125.141.139.112,5566
104.17.60.18,80
23.229.126.149,7678
95.182.78.8,5678
12.50.107.219,80
8.213.128.6,2020
206.206.118.3,6241
103.69.243.162,4153
199.102.107.145,4145
68.183.55.211,37775
104.207.58.132,3128
82.115.25.50,80
31.43.179.217,80
45.184.103.11,999
106.14.148.126,1080
217.182.6.206,26379
8.219.97.248,80
202.162.105.202,8000
61.148.199.206,4145
103.243.114.206,8080
118.172.63.89,4145
191.7.208.101,31576
4.36.157.45,8080
51.15.133.214,16379
95.43.244.15,4153
205.185.126.51,5556
195.231.69.203,80
219.93.101.62,80
179.109.80.116,23421
176.114.199.202,1080
72.221.172.203,4145
27.147.152.66,58080
177.73.248.26,55290
168.228.71.251,4153
18.144.77.146,80
27.254.99.183,8118
103.239.201.50,58765
45.136.198.4,3128
120.224.234.71,7300
8.213.128.6,8090
199.96.166.125,8085
46.0.205.8,1080
91.103.29.150,3629
184.174.44.165,6591
41.220.16.208,80
107.174.4.102,6071
58.75.126.235,4145
189.50.45.46,1995
209.97.150.167,3128
177.131.29.214,4153
20.242.243.105,3128
91.109.204.213,80
45.135.139.207,6510
190.69.157.213,999
205.185.113.92,1080
104.16.12.26,8443
102.177.176.70,80
198.37.109.93,6200
46.146.220.247,1080
191.6.112.5,8086
188.168.88.69,8080
62.60.195.94,80
179.61.166.132,6555
1.0.0.4,80
38.194.246.34,999
139.99.134.103,58388
185.244.208.193,37430
104.17.57.237,80
40.192.14.136,9292
45.147.233.69,8085
176.74.197.163,36918
102.0.16.226,8080
192.252.209.158,4145
45.65.233.229,4145
220.152.112.150,1088
154.113.121.60,80
8.211.195.173,20002
97.74.87.226,80
122.116.125.115,8888
154.19.38.195,1111
196.216.133.18,1080
103.234.24.42,9990
216.205.52.163,80
128.199.202.122,8080
116.96.82.78,4020
31.214.171.62,3128
104.25.1.2,80
191.101.188.11,6765
193.233.220.93,8085
77.91.74.77,80
85.92.164.179,4145
213.189.199.210,3128
101.91.242.198,6688
138.2.68.129,3128
23.249.27.167,10808
91.107.155.161,80
222.71.131.131,1080
35.197.89.213,80
124.122.137.150,4153
104.18.104.209,80
8.137.38.48,8080
172.105.11.250,33624
202.40.186.66,1088
47.242.3.214,8081
196.204.24.251,8080
185.226.113.180,38030
178.95.181.82,33333
218.26.101.226,53813
182.160.116.125,1088
103.146.185.63,1081
45.43.70.144,6431
165.227.187.48,7497
106.105.208.83,80
117.54.114.103,80
61.160.66.130,5555
181.5.219.244,7071
47.74.157.194,80
185.200.37.98,8080
166.62.121.102,45886
200.52.153.194,5678
188.175.223.41,5678
176.105.220.74,3129
197.221.240.240,80
8.215.15.163,8022
119.93.123.229,4145
8.215.12.103,8006
41.217.223.145,32650
104.16.1.118,80
72.195.34.35,27360
5.78.89.192,8080
103.174.122.197,8199
192.210.239.100,3128
1.179.148.9,55636
190.113.40.202,999
183.88.240.53,4145
192.177.87.185,6031
202.40.180.22,1088
188.95.20.139,5678
47.121.183.107,8081
61.7.147.227,4145
36.89.229.97,50540
178.49.22.23,1080
38.51.243.174,5678
139.255.97.157,14888
217.69.121.54,5719
191.36.128.62,8080
222.255.139.134,5678
191.102.82.83,4153
204.93.169.232,60755
173.0.10.57,6233
171.238.88.111,1068
116.197.132.59,8291
38.10.179.195,999
216.205.52.165,80
179.96.251.161,5678
183.110.216.128,8090
137.220.61.187,10024
154.113.17.107,5678
51.15.240.207,16379
118.70.212.110,60606
23.27.196.152,6521
128.140.113.110,3128
103.47.94.97,1080
98.162.25.7,31653
51.79.249.186,3128
45.61.188.134,44499
184.178.172.5,15303
54.71.159.231,80
103.30.0.5,4145
103.81.175.218,28022
109.106.196.250,4145
104.200.152.30,4145
43.153.86.246,7890
184.178.172.13,15311
41.254.53.70,1981
95.188.64.220,1080
31.207.38.66,80
69.61.200.104,36181
103.148.112.69,8199
45.90.104.150,9090
201.93.159.234,4145
170.244.0.179,4145
140.227.61.201,3128
72.221.171.135,4145
201.234.24.1,4153
186.219.96.12,52017
72.10.164.178,2493
47.251.73.54,90
119.82.251.250,31678
70.35.199.99,56633
216.205.52.150,80
45.122.44.2,5678
69.163.160.191,28640
46.33.235.236,5678
104.18.22.217,80
185.181.183.51,80
34.111.135.19,80
190.145.227.114,999
157.185.157.151,26589
27.68.173.57,1080
101.51.121.29,4153
72.195.114.184,4145
162.220.246.244,6528
173.249.205.117,8888
93.57.78.145,80
192.252.214.20,15864
208.113.161.0,23089
212.227.87.124,2080
124.41.240.177,52480
193.42.124.26,10808
116.106.105.150,1080
148.251.1.210,30169
45.162.135.201,999
34.170.184.222,80
198.89.91.42,5678
103.206.208.135,55443
1.2.252.65,8080
72.223.188.92,4145
217.149.98.98,4153
144.91.95.238,58237
8.220.205.172,9020
164.92.119.198,1080
216.205.52.198,80
185.146.173.200,80
8.213.222.157,8008
86.100.63.127,4145
103.102.13.107,8080
45.136.27.118,8085
47.90.167.27,1000
85.237.51.73,4145
204.199.140.23,999
184.178.172.17,4145
119.40.82.210,35805
40.172.223.148,80
80.190.83.72,3128
39.104.27.89,3128
181.115.75.102,5678
8.213.197.208,808
3.224.26.242,80
176.61.151.123,80
134.209.29.120,8080
190.116.28.148,80
203.32.121.161,80
103.156.16.227,8080
178.175.231.14,80
216.229.112.25,8080
8.211.194.85,3129
85.143.254.38,1080
137.74.173.77,33611
66.29.154.103,3128
109.107.181.245,30052
170.114.45.112,80
47.90.167.27,8081
67.201.59.70,4145
126.95.217.209,445
8.211.200.183,3128
103.165.64.86,4153
186.103.130.91,8080
142.54.229.249,4145
203.217.101.144,80
202.137.134.160,8088
36.94.185.93,35010
219.249.37.107,8382
78.188.81.57,8080
95.56.254.139,3128
68.183.65.150,8888
103.125.31.222,80
162.220.246.241,6525
65.108.159.129,8081
78.12.249.123,8796
188.255.199.137,1080
77.238.79.111,8080
109.110.78.70,5678
4.188.236.47,80
181.143.42.138,8080
31.206.38.46,37630
67.227.37.50,5592
196.202.91.43,8080
8.220.205.172,1337
103.210.57.243,80
47.238.130.212,3129
188.163.170.130,35578
94.231.192.97,8080
31.42.2.113,5678
146.59.243.214,80
195.225.109.132,3128
38.127.179.26,42908
104.25.183.126,80
119.235.112.42,3128
210.223.44.230,3128
47.91.120.190,1025
116.106.108.236,1080
104.238.50.38,6584
195.98.82.63,1080
115.127.106.226,1088
203.217.169.207,4153
94.247.241.70,51006
183.89.139.38,4153
212.18.127.40,8085
8.213.195.191,100
85.236.158.181,33112
78.129.253.149,80
115.127.34.26,1088
82.146.37.145,80
45.147.234.25,8085
8.213.197.208,8080
185.8.175.147,80
38.56.70.97,999
154.239.9.94,8080
155.254.38.109,5785
38.154.191.74,8651
159.69.125.118,80
41.86.252.91,443
193.200.151.69,32777
109.248.236.150,9898
192.177.103.251,6744
138.97.0.173,4145
5.231.204.52,80
59.39.226.248,2324
8.213.222.157,80
23.95.150.112,6081
47.251.87.199,8080
147.231.163.133,80
37.44.238.2,52611
187.188.58.173,4153
72.210.252.134,46164
190.153.22.149,999
45.136.244.245,44531
95.217.104.21,24815
107.174.4.31,6000
171.232.182.231,8080
102.39.68.76,8080
181.113.59.188,33333
193.84.184.25,5678
114.4.241.210,5678
65.169.38.73,26592
54.171.0.28,80
67.43.228.250,10115
186.96.68.66,999
8.220.205.172,11443
90.154.124.211,8080
159.65.221.25,80
181.129.62.2,47377
82.23.206.118,5924
188.42.89.213,80
8.220.205.172,11
34.122.187.196,80
172.120.112.32,5711
91.247.250.215,4145
64.176.10.195,444
186.227.119.91,8080
185.87.121.35,8975
5.133.96.148,4153
174.75.211.221,4145
51.15.223.12,16379
181.214.39.72,5719
216.222.162.3,39593
145.239.254.55,58488
209.126.9.164,36972
8.213.156.191,7010
8.221.138.111,3129
199.96.164.57,8085
47.91.89.3,80
185.36.145.215,80
154.205.147.214,80
147.75.34.93,80
170.239.207.241,999
45.70.236.194,999
103.160.12.147,8199
202.62.67.209,53281
154.0.14.116,3128
176.118.232.12,5678
177.38.245.106,55713
114.4.200.222,5678
168.90.255.60,999
217.145.225.53,8085
61.152.61.197,1080
146.103.3.167,7220
101.255.150.238,1080
77.50.104.110,1080
123.145.4.15,53309
95.173.218.72,8081
8.220.204.92,81
103.124.97.12,8080
104.18.86.146,80
103.60.214.18,51754
164.138.205.70,8080
45.128.232.224,30584
197.156.240.66,5678
66.42.224.229,41679
162.211.83.5,80
156.252.0.250,59249
46.109.146.244,4145
84.51.0.197,4145
8.215.3.250,4002
8.215.15.163,3129
31.220.78.244,80
165.22.110.253,1080
103.87.81.86,5678
159.203.61.169,1080
39.106.2.77,80
222.188.105.190,10800
175.139.233.76,80
8.211.194.85,45
185.14.68.68,8118
104.17.98.27,80
128.199.131.156,29717
8.211.194.78,3129
8.213.128.6,102
103.94.52.70,3128
89.116.88.19,80
187.32.20.249,5678
154.6.121.27,5994
103.180.123.229,8090
200.85.52.254,5678
109.232.106.150,52435
138.185.137.100,5678
163.172.167.48,80
47.238.60.156,3128
167.71.250.32,43965
95.165.163.188,36496
110.93.206.62,5678
103.230.63.66,1120
45.122.123.29,8199
94.26.108.67,2580
123.205.71.21,80
98.103.88.158,46104
181.74.81.195,999
162.253.68.97,4145
195.74.72.111,5678
106.0.158.114,8080
51.15.211.42,16379
104.236.171.128,41047
154.30.1.15,5331
38.10.250.5,999
103.23.204.146,4673
107.148.21.105,12345
95.53.246.137,3128
39.102.208.23,8080
123.31.12.184,45255
103.51.21.250,83
130.131.155.173,80
8.220.204.215,8081
85.172.0.30,8080
198.8.94.170,4145
80.92.227.185,5678
178.175.231.10,80
104.244.75.78,31534
62.60.195.95,80
188.132.222.11,8080
47.86.43.255,1111
184.170.245.148,4145
217.69.121.42,5707
181.212.41.171,999
192.73.244.36,80
102.209.18.96,8080
92.42.8.22,4153
43.230.211.244,8080
5.160.103.246,8080
113.11.2.108,8080
180.149.234.74,6214
87.121.49.238,4145
157.100.55.143,999
192.111.129.150,4145
82.26.208.119,5426
117.202.20.70,1088
64.64.110.212,6735
69.60.123.128,54032
98.6.220.90,8899
192.3.48.76,6069
116.99.225.170,30014
156.54.240.53,3128
104.24.47.118,80
102.0.0.118,80
103.165.30.251,5678
212.18.113.104,8085
202.90.71.158,3128
51.255.46.151,3128
47.238.134.126,8181
198.23.128.236,5864
124.109.44.126,4145
5.133.193.54,45803
160.251.142.232,80
184.174.46.232,5861
103.156.86.197,8199
69.164.206.96,13024
8.213.128.6,80
69.163.166.113,19761
89.39.114.31,4153
66.29.138.168,52904
45.159.150.23,3128
146.59.14.159,80
103.209.88.75,8080
35.88.74.245,80
190.57.245.250,8080
186.201.31.189,4145
109.135.16.145,49879
217.66.207.3,33333
103.137.91.250,8080
72.195.101.99,4145
45.174.191.19,20183
43.255.113.232,84
31.59.33.223,6799
192.111.137.34,18765
8.213.197.208,8888
104.25.185.75,80
47.250.177.202,8008
186.89.116.108,8080
8.211.49.86,5007
23.27.196.122,6491
45.43.81.71,5718
183.182.102.135,5678
197.156.243.134,33333
212.237.125.216,6969
41.223.234.116,37259
200.122.213.26,8080
46.21.186.252,1080
103.143.105.138,8080
74.208.127.51,8080
104.16.1.25,80
162.220.246.109,6393
179.48.80.9,8085
152.228.134.212,21658
181.209.106.188,1080
64.49.36.188,8085
91.198.95.126,5648
171.250.219.24,1080
197.221.240.176,80
45.135.139.151,6454
185.139.56.133,4145
98.162.25.23,4145
187.19.198.130,8080
61.158.175.38,9002
181.129.74.58,30431
104.232.209.213,6171
72.206.181.105,64935
185.161.186.133,54321
138.121.121.223,8080
71.19.249.97,8443
60.190.195.146,10800
27.154.57.94,10800
45.32.169.213,61790
190.119.160.27,56160
103.163.51.254,80
89.116.250.225,80
167.71.228.152,29206
92.114.157.221,4145
162.223.89.83,1080
134.209.189.42,80
162.255.108.254,5678
190.145.37.2,65409
200.32.105.86,4153
62.12.146.142,3128
91.205.41.109,52606
139.162.236.244,80
89.43.10.141,80
186.251.253.53,31337
8.211.200.183,1080
190.187.201.26,8080
8.221.139.222,3129
172.105.107.223,3128
103.78.201.242,3128
140.83.32.175,80
37.72.141.46,8085
47.119.20.8,8080
162.241.46.6,34295
8.210.17.35,1311
67.43.228.251,18959
199.34.229.144,80
203.205.34.58,5678
152.70.137.18,8888
134.209.29.120,80
187.86.59.122,80
118.174.47.182,4145
27.79.98.234,16000
189.161.3.231,10101
144.91.78.34,20269
146.83.118.9,80
190.109.72.10,33633
70.166.167.55,57745
162.240.19.30,80
8.215.15.163,92
178.220.148.82,10801
103.97.140.157,1080
89.46.249.253,9876
51.83.184.241,9191
155.50.215.37,3128
194.39.254.35,80
45.131.6.139,80
190.249.169.153,3629
68.1.210.189,4145
180.183.108.19,8080
23.27.196.186,6555
84.22.48.150,8080
94.154.127.216,8085
173.212.215.22,3128
80.194.38.106,3333
170.81.210.250,8080
45.144.234.129,53764
103.149.194.40,32650
1.180.0.162,7302
216.154.201.132,54321
186.219.215.147,4153
195.219.98.27,5678
93.190.143.223,11021
213.197.136.218,5678
8.213.134.213,9091
206.189.146.13,8080
113.53.29.228,13629
184.72.36.89,80
212.112.127.20,8080
212.47.232.28,80
203.189.141.139,33333
173.212.234.128,48156
103.174.102.127,80
207.180.254.198,8080
80.74.54.148,3128
184.95.235.194,1080
82.146.40.75,10103
202.162.212.164,4153
38.154.224.172,6713
43.231.192.105,4145
78.129.253.151,80
119.15.89.87,5678
156.38.112.11,80
89.109.179.51,1080
186.103.133.91,5678
101.71.143.237,8092
182.16.171.65,51459
196.1.97.198,80
198.12.112.195,5206
103.184.180.226,4153
69.84.182.95,80
192.252.215.5,16137
85.89.184.87,5678
47.254.36.213,50
85.214.100.194,80
157.230.220.25,4857
102.38.7.110,1972
74.176.195.135,80
97.79.251.186,80
8.211.195.139,8001
190.199.67.116,8080
156.67.217.159,80
77.110.102.239,80
1.234.28.160,80
136.61.112.82,8080
198.8.94.174,39078
177.234.192.44,32213
8.213.215.187,1080
103.177.199.101,1080
147.75.34.105,443
8.213.222.157,5060
36.89.251.210,5678
188.34.164.99,8080
193.68.115.14,8080
194.31.53.250,80
190.54.12.74,5678
172.238.22.205,80
162.216.204.146,1080
195.130.115.208,33333
51.89.71.175,80
141.94.104.205,48452
115.239.234.43,7302
39.185.41.193,5911
195.120.78.30,5678
1.180.49.222,7302
5.180.100.24,5678
180.191.32.233,8081
41.65.236.56,1981
37.187.109.70,10111
45.188.166.52,1994
91.241.21.17,9812
129.126.65.78,4153
218.3.253.238,10800
206.42.59.67,33333
100.1.53.24,5678
186.235.123.3,8080
45.70.85.33,58080
103.156.14.165,5678
168.194.224.36,4153
89.32.230.43,4145
185.216.105.125,6702
203.194.21.241,4153
103.191.165.45,1080
94.154.127.27,8085
81.162.195.35,4153
143.137.116.72,1080
186.226.145.228,4145
160.3.168.70,8080
64.227.108.25,31908
179.1.110.77,5678
38.191.211.253,999
165.16.46.193,8080
179.1.192.17,999
207.246.87.152,11201
41.220.16.209,80
189.133.68.236,80
72.217.216.239,4145
38.154.217.107,7298
8.211.194.85,8080
8.130.74.114,8008
217.219.74.130,8888
46.8.60.2,1080
47.92.194.235,6666
68.71.254.6,4145
217.138.241.122,8080
103.143.214.81,5678
185.6.9.176,8072
45.238.12.4,3128
154.6.116.30,5999
89.218.8.152,1080
47.254.36.213,8888
148.72.177.90,8228
178.49.14.57,3128
203.189.159.241,1080
14.207.161.107,4153
158.179.162.1,80
47.237.107.41,1337
85.220.141.220,80
98.162.96.41,4145
8.211.51.115,4022
38.66.207.1,999
82.23.203.163,5471
210.87.74.105,8080
117.74.125.14,1133
45.6.94.159,4153
41.33.145.219,1981
193.36.85.226,80
178.35.177.242,3629
205.185.123.62,2555
162.55.33.191,10080
66.63.168.119,8000
217.69.121.10,5675
205.185.120.241,5556
47.74.46.81,8080
51.15.252.246,16379
212.192.31.37,3128
117.141.96.35,4145
104.254.140.186,80
125.141.139.198,5566
36.95.245.81,5678
181.209.106.190,1080
157.66.16.42,3128
178.162.244.135,8080
184.178.172.23,4145
191.101.1.116,80
186.190.228.83,4153
162.220.246.9,6293
31.179.162.78,4153
103.179.218.14,1080
141.94.254.138,26353
217.150.58.185,1080
186.97.138.69,999
37.193.46.11,1080
184.170.249.65,4145
201.174.175.82,999
190.184.144.222,5678
51.75.126.150,57328
206.62.165.42,999
72.10.160.170,13701
51.158.105.107,16379
5.161.155.252,80
185.128.153.75,33333
103.160.182.87,9090
171.252.131.44,11069
121.148.239.82,3045
34.140.137.151,80
143.110.186.10,6647
95.173.218.74,8081
188.93.213.242,1080
38.54.101.90,80
80.91.125.238,8089
202.4.125.221,1088
117.198.221.34,4153
143.198.241.47,80
34.135.166.24,80
67.201.33.10,25283
154.6.127.178,5649
77.235.28.229,4153
45.81.232.17,24803
192.177.87.7,5853
183.88.219.206,34676
185.89.156.130,5678
146.103.56.36,5584
45.145.128.114,8085
8.211.51.115,80
139.99.237.62,80
212.156.217.147,4153
8.213.215.187,8443
103.160.207.49,32650
87.126.65.11,1388
47.91.109.17,8008
47.90.167.27,100
38.51.49.84,999
46.47.197.210,3128
24.199.107.98,8080
213.222.34.200,4145
103.189.116.110,8080
116.106.104.175,1080
200.75.137.210,4145
201.222.50.218,80
187.86.153.254,30660
188.42.88.77,80
194.110.150.70,8085
64.17.24.241,60606
61.216.156.222,60808
91.192.25.158,4145
8.213.128.6,8001
8.211.195.173,3128
103.242.175.241,8899
103.189.254.28,2222
44.250.85.22,80
103.114.96.93,1080
31.59.33.49,6625
109.197.55.234,1080
101.109.122.50,8080
116.203.139.209,3128
103.127.204.116,27416
203.243.63.16,80
103.93.93.66,8080
23.94.138.74,6348
8.243.68.11,8080
202.167.222.126,4145
209.97.150.167,8080
134.122.21.142,33346
131.100.51.144,999
181.115.17.146,8080
147.45.136.77,5222
103.156.14.234,1080
112.2.21.18,51080
94.154.127.63,8085
209.159.153.21,46234
47.254.36.213,80
206.206.73.221,6837
38.50.130.93,5678
47.89.159.212,8123
136.0.180.203,6224
72.206.74.126,4145
110.77.149.50,5678
185.226.204.70,5623
31.58.26.145,6728
69.163.165.180,41610
104.165.79.249,7409
20.187.77.5,80
51.178.86.221,3128
64.225.4.63,9993
45.7.177.85,52246
195.181.173.65,80
47.238.60.156,8443
13.209.156.241,80
48.210.225.96,80
200.116.198.222,9812
201.65.173.179,8080
103.38.103.18,1080
194.36.55.247,80
181.176.221.151,9812
43.217.158.81,41804
192.76.150.90,8900
156.67.172.185,3128
194.233.78.142,42495
27.68.168.228,1080
202.79.47.159,10800
188.130.163.254,4153
192.203.0.238,33333
176.74.192.44,24822
173.211.0.74,6567
72.205.0.93,4145
8.211.195.173,9797
124.41.240.203,37704
190.128.228.182,80
176.126.164.213,80
199.58.185.9,4145
45.235.123.45,999
202.179.184.34,5430
212.74.225.230,3128
195.158.8.123,3128
185.186.17.57,5678
49.0.87.62,1080
191.243.54.245,41599
201.168.8.74,999
138.68.21.132,40467
115.144.8.91,80
152.232.101.17,8149
183.89.250.246,1080
107.173.93.123,6077
103.168.47.12,33333
201.217.51.9,4145
174.138.176.74,40949
47.238.130.212,4145
82.180.132.69,80
45.225.184.177,999
8.220.204.92,8008
199.102.106.94,4145
31.42.6.125,5678
103.189.218.158,1080
193.233.221.242,8085
176.117.104.24,8080
157.230.191.76,56996
50.203.147.154,80
109.194.34.246,8082
184.176.188.107,42844
161.35.82.57,1080
88.213.214.254,4145
184.174.25.101,5990
161.97.170.209,39219
103.187.38.38,1080
192.252.216.86,4145
51.159.28.39,80
190.52.178.17,80
148.135.151.220,5713
185.133.239.244,16299
149.126.101.162,8080
8.222.151.218,5566
107.181.161.81,4145
181.143.143.125,999
59.92.70.176,3127
206.238.237.78,80
177.43.72.250,5678
3.106.175.82,80
77.46.138.233,8080
82.24.212.177,5483
206.245.133.192,50000
51.38.155.24,46069
103.17.90.6,5678
50.238.47.86,32100
116.237.128.15,4145
123.182.233.70,7302
104.143.226.182,5785
109.238.14.123,52663
198.49.68.80,80
182.72.118.35,80
45.39.115.48,5459
101.42.107.214,2080
38.60.196.214,80
1.4.195.114,4145
94.72.158.129,4153
109.94.182.128,4145
8.210.17.35,8002
202.53.174.22,1080
102.39.119.71,5678
81.17.87.42,5678
162.251.108.145,3128
43.134.167.51,443
220.167.89.10,10800
115.76.198.120,44450
45.196.148.192,5432
36.88.137.114,443
102.0.8.23,8080
197.221.249.199,80
69.164.206.8,57623
98.190.239.3,4145
138.99.94.51,8080
62.171.132.27,39536
107.175.56.98,6371
47.251.73.54,9080
181.174.231.30,9992
8.213.197.208,5060
134.209.239.109,80
45.238.57.1,3629
41.169.151.154,4153
8.213.134.213,1081
104.168.15.42,80
189.250.135.40,80
198.105.122.184,6757
181.57.138.70,4153
34.80.202.6,3128
122.129.84.12,8080
54.173.77.49,8080
142.111.98.49,5750
175.111.129.154,8080
34.44.49.215,80
172.65.165.93,30000
211.25.127.161,80
134.209.23.6,1994
134.209.29.12,80
174.77.111.197,4145
106.240.89.60,4145
83.234.76.155,4145
200.111.158.234,5678
103.234.55.173,80
173.249.30.165,3128
168.245.197.146,80
182.72.111.103,80
175.139.179.65,42580
8.148.22.214,8080
50.203.147.152,80
104.16.0.162,80
72.210.252.137,4145
23.227.38.46,80
101.51.124.223,4145
103.106.236.200,5678
191.96.202.45,6091
51.52.205.98,4153
23.27.196.128,6497
47.238.60.156,100
190.205.99.186,5678
117.251.103.186,8080
193.233.218.171,8085
122.252.128.19,80
141.98.112.214,64261
116.118.98.26,5678
199.116.112.6,4145
206.206.122.14,5645
104.17.109.205,80
177.136.124.36,3629
171.250.217.203,1080
205.185.126.15,5556
51.158.179.242,8080
45.115.1.14,5678
8.220.205.172,9000
85.214.94.105,12126
23.27.196.203,6572
104.239.105.119,6649
8.213.222.247,1080
109.122.195.16,80
47.238.128.246,83
8.211.200.183,8080
31.58.18.112,6381
64.64.152.248,39593
104.164.254.109,6788
3.128.142.113,80
36.94.8.23,8080
1.179.147.5,52210
92.118.132.125,8080
197.232.47.102,52567
186.211.2.54,4145
104.250.144.202,8888
45.229.34.174,999
8.210.17.35,14
27.115.33.94,4153
38.183.144.18,1080
103.86.135.34,5678
181.212.45.226,8080
107.174.82.16,21080
103.160.201.26,1080
62.113.119.14,8080
139.162.78.109,8080
92.207.253.226,38157
194.26.135.214,1080
12.89.166.42,8080
136.0.189.20,6747
165.154.224.14,80
181.209.106.187,1080
105.214.69.143,5678
52.41.249.10,80
77.105.142.165,1080
107.172.156.30,5678
195.91.129.101,1337
194.180.237.247,8085
120.88.35.10,5678
27.65.29.244,1080
167.172.159.43,39019
47.237.113.119,8008
187.94.220.85,8080
20.27.15.49,8561
144.31.85.152,80
62.210.215.36,80
78.134.20.48,8080
8.213.222.157,4002
45.39.4.228,5653
200.46.30.210,4153
46.161.196.222,9812
64.49.37.158,8085
98.170.57.241,4145
1.32.57.85,5678
23.27.91.13,6092
202.159.60.145,194
185.244.77.62,1080
115.76.195.225,31342
147.75.34.92,10001
170.114.46.17,80
108.161.128.43,80
192.99.207.129,26567
159.224.243.185,61303
103.86.109.38,80
8.211.49.86,1088
152.228.212.223,29272
198.37.121.135,6555
103.146.26.31,5678
103.145.30.46,1080
103.55.253.12,8080
13.80.134.180,80
39.170.85.129,7302
45.41.176.142,6440
89.116.250.104,80
140.235.170.248,8085
104.143.224.1,5862
125.141.151.83,80
31.12.75.19,80
5.42.87.164,56789
37.110.147.13,80
31.59.33.159,6735
104.238.100.115,45314
38.54.95.19,8080
8.211.51.115,5060
8.211.194.85,8081
107.175.119.19,6547
23.229.126.76,7605
187.102.16.66,51327
5.58.7.214,8080
103.109.56.97,1080
163.172.131.178,16379
172.67.75.196,80
103.136.244.178,8080
190.225.164.15,33333
8.243.197.200,999
45.61.97.188,6714
67.227.36.41,6083
72.210.208.101,4145
14.207.24.176,8080
31.28.4.192,80
8.221.139.222,1029
203.202.253.186,58309
104.232.211.42,5655
8.220.204.92,1088
46.160.129.189,3128
192.158.15.201,50877
72.210.221.197,4145
45.39.4.76,5501
51.38.32.142,46627
181.214.39.51,5719
14.234.141.1,20499
39.104.23.154,9080
113.176.118.150,1080
171.244.140.160,53339
201.182.204.18,9999
45.249.77.145,83
109.166.207.162,3629
24.72.215.236,8246
198.199.86.11,3128
95.80.253.77,33333
124.108.6.20,8085
31.134.4.124,8085
104.225.220.233,80
92.86.92.126,42740
157.230.1.108,14070
142.54.228.193,4145
115.127.36.190,1088
125.234.95.131,1080
107.148.21.48,12345
162.144.236.128,80
47.238.130.212,20000
138.68.60.8,80
190.8.164.31,8086
104.168.8.14,5467
121.169.46.116,1090
139.59.234.208,50929
205.237.104.203,3128
131.161.68.38,35944
23.247.136.254,80
38.127.179.195,46656
67.205.112.110,80
111.68.31.134,40385
172.120.102.130,6290
197.221.240.246,80
82.22.211.221,6029
147.75.34.92,10000
47.91.89.3,9080
88.119.49.4,4153
91.213.249.200,80
35.183.64.191,29715
91.107.179.137,80
47.238.60.156,8080
138.197.68.35,4857
31.56.137.172,6248
45.187.76.2,3629
78.84.136.235,4145
140.235.0.159,8085
190.6.54.12,6969
104.192.202.11,1080
205.185.125.140,5556
103.170.185.226,80
8.215.12.103,202
50.255.17.229,32100
154.72.90.74,8081
159.192.121.240,4145
213.16.81.182,35559
47.56.110.204,8990
45.43.70.47,6334
45.136.24.18,8085
95.188.82.147,3629
74.50.77.58,9090
115.21.99.135,4145
45.136.27.150,8085
46.141.84.199,1080
52.201.85.24,80
201.234.24.89,4153
103.140.205.201,1080
85.228.43.192,4153
47.238.130.212,443
125.27.10.84,4153
163.44.253.160,80
201.18.91.34,4153
108.162.198.182,80
91.241.217.58,9090
103.157.13.75,84
8.213.195.191,9091
107.181.154.96,5774
201.182.251.141,999
103.247.22.151,7777
190.60.60.220,8080
190.216.56.1,4153
103.112.131.14,8080
5.75.198.72,80
160.19.16.86,1080
200.118.122.6,4153
182.52.63.95,4153
51.38.191.230,80
197.245.36.213,5678
212.114.194.79,80
98.182.147.97,4145
175.101.18.25,5678
91.98.78.64,80
45.166.93.113,999
47.251.74.38,98
183.96.222.70,28572
160.25.8.148,11011
159.203.61.169,3128
47.88.16.13,13579
136.0.103.110,5811
200.85.232.91,3128
181.143.207.10,33333
190.61.88.147,8080
103.159.219.50,5678
87.107.110.105,80
183.88.184.48,8080
23.227.60.248,80
191.7.189.184,5678
1.179.148.9,36476
15.207.63.47,80
47.252.18.37,3128
68.71.240.210,4145
95.217.195.146,9999
166.88.224.33,5931
91.107.162.123,8080
47.251.57.165,1080
211.21.125.32,4153
116.204.160.111,8080
179.96.28.58,80
39.102.211.162,3128
162.220.246.245,6529
45.43.70.12,6299
103.81.152.10,83
84.241.8.234,8080
45.80.215.245,80
107.181.148.200,6060
34.216.212.51,80
90.182.147.170,4145
213.19.205.18,54321
15.206.25.229,80
45.4.58.223,8080
82.69.16.184,80
174.64.199.79,4145
197.221.249.197,80
8.211.194.78,8081
183.81.47.14,4062
163.172.171.22,16379
89.116.34.113,80
178.128.157.114,443
196.1.95.124,80
8.209.96.245,9080
103.82.23.118,5178
80.80.164.164,10801
51.15.209.188,16379
174.64.199.82,4145
81.12.169.254,4153
65.108.103.19,80
93.171.157.249,8080
77.233.5.68,55443
193.42.125.156,10808
206.206.71.48,5688
89.151.134.157,3629
91.243.192.17,3629
103.43.128.123,5678
203.85.120.69,8080
184.181.217.194,4145
94.253.95.241,3629
94.154.127.108,8085
5.189.129.186,48229
221.226.109.229,7302
192.252.216.81,4145
41.216.186.250,4153
181.229.38.117,5678
192.111.130.2,4145
1.15.63.46,80
161.97.181.31,43231
212.2.234.165,8080
59.9.159.245,8416
82.223.165.28,38245
77.225.177.14,10801
68.71.249.153,48606
67.206.213.202,55555
8.221.138.111,8045
103.210.29.201,31433
83.143.24.66,1080
185.200.38.142,8080
190.13.147.93,5678
38.127.172.169,54291
3.108.106.10,80
179.125.61.201,8080
8.39.228.25,39593
146.103.3.99,7152
139.59.1.14,1080
45.56.173.190,6173
175.101.240.38,80
45.39.115.21,5432
185.226.204.172,5725
170.246.199.194,5678
144.125.164.158,8080
72.223.188.67,4145
135.125.174.192,80
8.142.3.145,3306
46.107.230.122,1080
52.202.30.36,80
50.236.148.254,31699
104.199.219.13,3128
45.147.235.75,8085
112.86.116.24,1080
103.48.69.17,82
8.220.204.92,5060
115.190.24.138,8080
36.91.45.11,51299
5.78.44.6,8080
152.230.215.123,80
141.136.42.164,80
34.236.148.220,10081
182.72.118.37,80
3.110.230.219,80
8.220.204.215,4145
156.200.116.71,1981
50.235.92.65,32100
8.221.139.222,80
142.111.192.49,5645
45.61.98.49,5733
20.44.206.138,80
172.237.44.230,80
163.53.204.178,9813
69.27.14.138,43014
46.35.9.110,80
193.122.105.251,65535
179.1.133.33,999
125.228.94.199,4145
31.57.82.196,6777
165.227.104.122,48500
98.162.25.29,31679
159.69.153.169,5566
104.16.1.197,80
103.109.158.235,4153
209.145.60.213,80
178.128.232.123,8080
174.129.234.143,80
103.70.204.1,59311
193.53.127.169,80
103.48.68.30,83
31.58.21.234,6505
64.225.8.115,9994
185.226.207.14,5563
46.227.36.152,1080
87.251.66.73,8080
89.58.57.45,80
212.72.149.234,4145
131.161.68.41,35944
202.154.37.162,8080
81.16.1.71,5678
32.223.6.94,80
72.211.46.99,4145
51.77.73.67,31979
89.250.148.158,1080
190.109.72.33,33633
79.175.188.151,80
154.6.126.20,5991
41.191.203.161,80
45.39.115.77,5488
177.85.65.177,4153
20.78.118.91,8561
94.154.127.209,8085
103.6.177.174,8002
43.159.198.87,7890
179.40.75.1,61362
185.148.104.136,80
162.254.38.202,47092
174.75.211.193,4145
173.212.237.43,43648
104.24.86.68,80
66.78.34.182,5801
84.236.185.247,61710
70.186.128.126,8080
103.134.239.210,5678
52.47.137.181,80
2.144.7.217,80
155.50.209.50,3128
39.102.213.5,80
155.50.253.163,3128
186.194.234.18,4153
154.79.246.18,9898
159.203.104.153,8200
72.195.34.59,4145
78.128.124.108,5678
178.162.242.88,80
45.136.24.235,8085
198.111.166.184,80
202.79.35.12,1080
149.129.255.179,8081
138.186.155.1,1085
109.75.42.82,3629
67.225.243.221,63809
184.174.58.95,5657
180.92.224.125,8080
173.236.187.104,40355
213.6.68.210,4145
192.111.137.35,4145
8.213.197.208,1081
51.15.196.107,16379
27.34.242.98,80
183.88.212.247,1080
47.238.128.246,85
31.58.30.243,6825
45.196.151.73,5432
8.213.222.247,4002
181.28.137.18,5678
175.29.178.34,10808
101.109.76.109,4145
68.183.90.210,59166
34.87.103.220,80
111.61.73.175,7302
202.166.219.80,4153
196.29.231.1,4145
212.114.194.78,80
87.228.89.21,80
46.99.210.63,3629
91.121.48.221,38711
178.62.229.28,3128
46.10.208.106,8192
217.52.247.77,1981
41.204.63.118,80
103.102.141.40,4145
183.88.240.139,4153
176.36.190.253,8080
69.84.182.49,80
103.78.201.242,5001
194.87.69.136,8989
47.76.144.139,9443
103.133.107.57,20211
40.134.10.174,18351
85.194.250.22,1080
84.53.247.204,53281
103.210.29.193,31433
138.121.15.230,999
140.235.3.189,8085
45.162.225.114,59341
116.237.114.4,5678
174.136.204.40,80
115.164.146.10,5678
8.210.17.35,119
8.213.156.191,202
186.216.195.1,4153
47.238.60.156,8008
91.150.189.122,60647
104.21.28.247,80
213.151.79.84,8080
161.123.93.122,5852
104.206.98.154,3128
8.219.59.81,1011
38.156.72.28,8080
195.14.22.173,80
81.103.105.130,8888
35.202.49.74,80
98.162.25.16,4145
95.179.193.202,6689
8.210.17.35,8004
50.203.147.159,80
185.172.129.138,3128
82.22.235.249,7055
45.61.187.67,4007
185.161.186.92,54321
213.136.192.28,80
201.244.16.139,999
198.105.111.134,6812
51.79.207.21,8080
123.1.216.93,60001
198.199.86.11,1080
36.37.244.41,5678
8.220.204.215,8086
184.181.178.33,4145
203.189.150.48,8080
