dest_ip,dest_port
200.188.112.142,999
188.225.33.99,8382
15.160.151.84,26246
108.137.1.116,39355
188.129.255.58,80
78.12.193.250,504
209.14.98.6,8080
34.216.224.9,53925
16.78.104.244,8286
46.161.6.165,8080
43.204.25.18,12719
3.29.21.109,9051
45.177.178.17,999
43.217.158.81,21781
15.160.151.84,167
157.175.152.104,8406
18.179.12.21,9589
18.163.3.251,8664
16.24.105.164,1080
200.24.130.147,999
18.143.173.102,202
103.242.105.70,8080
18.163.49.218,56895
167.114.65.167,8888
16.78.82.73,9084
13.59.97.103,23749
43.208.16.199,9189
16.78.82.72,800
13.232.2.142,895
51.20.125.203,9056
16.78.104.244,293
51.20.192.194,334
51.92.46.203,21025
200.24.130.146,999
103.250.69.226,1120
18.163.49.218,8231
15.160.148.69,44538
59.153.18.174,1120
157.175.43.137,9589
43.216.1.13,43975
51.16.49.113,425
223.206.61.28,8080
163.227.146.38,8080
13.212.81.49,820
101.255.122.82,8090
200.24.130.145,999
88.99.26.62,3128
128.140.76.145,11276
56.124.106.170,52325
103.167.171.134,8181
40.177.211.224,202
163.223.78.189,8080
51.92.46.203,99
157.175.197.28,19737
40.192.27.104,32042
52.203.62.58,80
18.143.167.190,41965
200.24.130.150,999
144.125.164.222,8080
43.208.25.125,576
43.206.234.160,8095
151.237.86.78,8080
13.212.76.113,495
187.188.15.249,8080
177.139.193.9,8080
51.48.124.225,24567
190.3.81.105,8080
38.188.247.12,999
124.217.75.99,8082
157.175.196.63,8362
3.29.21.109,308
200.24.130.149,999
91.107.162.123,8080
51.20.192.194,242
54.90.159.174,8753
138.117.231.133,999
43.217.141.124,8324
40.176.96.235,31678
72.10.160.92,20413
15.160.151.84,52015
177.234.217.237,999
13.115.193.75,44
15.236.38.248,891
13.115.193.75,44658
43.198.110.220,1080
13.36.243.194,43185
16.78.82.72,8182
38.250.155.130,999
185.175.254.69,8080
40.177.211.224,30022
78.12.82.74,1991
15.160.134.84,314
193.109.78.195,1080
43.206.234.160,269
185.154.8.1,56789
103.156.57.85,1111
164.138.205.10,8080
190.94.198.165,999
15.160.151.84,1120
200.59.186.177,999
103.166.64.11,8181
13.246.35.124,173
16.78.82.73,8111
16.28.103.1,10093
78.12.223.246,20002
3.249.110.142,10019
103.94.122.171,8080
201.174.239.25,8080
3.112.209.152,46797
3.110.127.255,13691
13.212.81.49,40835
43.217.97.201,21013
50.17.40.179,43
35.198.3.133,3128
67.43.236.20,11561
177.93.59.150,9992
51.16.56.189,14615
13.36.243.194,9060
102.212.46.48,12354
43.198.185.30,3334
13.212.81.49,581
43.224.116.222,1120
52.47.164.226,10889
157.175.43.137,9932
18.163.3.251,31756
103.39.71.102,8181
16.78.108.50,40769
18.226.170.181,36993
167.249.52.91,999
103.180.123.27,8080
58.69.120.117,8082
103.231.236.228,8182
16.78.104.244,825
200.69.78.90,999
78.12.193.250,5003
193.239.103.13,34415
113.11.64.145,43969
52.47.164.226,2102
18.143.165.238,8593
154.0.14.116,3128
78.12.143.148,28220
202.77.127.98,8085
16.78.93.162,40709
78.13.74.125,8444
3.93.66.245,9100
103.161.69.233,2698
157.175.43.137,10032
200.70.35.2,8080
43.210.30.230,8542
18.179.12.21,29523
200.174.198.32,8888
3.110.127.255,233
54.74.104.194,8823
128.140.76.145,33907
182.253.109.77,8080
43.208.240.77,59
13.61.155.35,11310
179.109.80.116,23421
202.51.206.50,8080
16.78.47.161,20005
182.52.25.243,8080
16.78.82.72,31433
40.176.96.235,4221
13.115.193.75,4245
46.101.92.46,3128
43.210.30.230,15280
43.252.237.111,1111
113.11.64.18,9107
43.210.30.230,21914
34.216.224.9,20441
119.93.139.196,8082
16.78.105.11,8347
81.180.92.198,8080
34.236.148.220,31979
65.108.203.36,18080
54.249.209.225,8080
103.169.238.65,8090
108.137.1.116,352
200.59.186.176,999
13.125.7.17,33342
3.38.101.138,45314
3.110.127.255,10087
3.110.230.219,80
154.27.196.232,999
51.48.124.225,844
187.32.246.82,3128
78.13.74.125,11695
124.121.2.223,8080
181.209.82.205,999
43.198.185.30,53096
78.12.143.148,8069
40.177.211.224,8085
38.159.223.159,999
187.86.132.233,3129
13.232.2.142,40845
38.156.72.29,8080
52.47.164.226,985
138.128.245.29,8888
8.218.238.34,8855
177.234.194.31,999
78.12.82.74,829
15.168.235.57,55150
16.78.105.11,46301
43.217.141.124,43185
177.234.217.238,999
103.85.159.150,19201
15.160.148.69,3309
45.168.244.16,8080
40.192.100.189,16094
105.174.61.118,8080
40.192.27.104,20854
13.61.18.44,20785
51.92.46.203,42149
35.152.239.124,23769
45.4.202.170,999
18.183.141.82,8023
113.11.127.179,64300
38.156.237.214,999
3.93.66.245,15453
3.38.101.138,8871
103.245.205.173,1120
43.204.25.18,8830
128.140.76.145,28696
43.217.141.124,31755
128.140.76.145,17016
43.206.234.160,125
18.143.165.238,957
43.208.16.9,8581
38.156.73.51,8080
103.238.232.30,1111
16.78.104.244,37777
103.172.70.167,8088
43.198.248.18,53071
208.87.243.199,7878
51.20.125.203,35047
18.60.222.217,45588
157.175.43.137,943
68.183.65.150,8888
13.212.81.49,986
15.160.134.84,2279
186.33.40.17,999
13.212.14.16,8470
51.95.69.4,5050
13.114.9.221,264
38.191.200.75,999
18.163.3.251,9686
43.202.18.108,3129
157.15.63.126,8080
34.236.148.220,50001
40.177.211.224,187
157.175.196.63,563
41.216.186.146,7777
16.78.82.72,8004
43.206.234.160,115
13.212.14.16,29883
40.177.211.224,286
24.199.107.98,8080
16.78.47.161,9064
45.90.216.103,8080
43.208.240.77,12587
8.219.97.248,80
78.12.82.74,715
41.128.72.149,1976
43.209.130.76,8077
18.143.173.102,55630
43.161.250.102,8080
13.60.209.160,16905
13.36.243.194,17771
43.208.240.77,8015
47.79.145.29,3128
103.30.30.5,10521
103.166.153.192,999
36.50.92.176,8080
35.152.239.124,8428
50.17.40.179,8741
49.156.44.116,8080
160.25.196.12,8090
84.205.28.220,8080
3.110.127.255,8072
35.152.239.124,9031
157.175.196.122,11993
43.206.234.160,15498
202.47.184.22,8085
13.246.35.124,8725
43.209.8.12,9200
202.191.127.106,1120
200.59.191.233,999
104.206.98.154,3128
175.106.15.186,8080
3.112.209.152,8215
98.91.112.114,80
43.210.30.230,30649
20.80.217.164,3128
45.174.191.19,20183
157.175.42.134,53925
43.210.30.230,384
52.188.28.218,3128
43.209.8.12,345
18.179.12.21,43052
16.78.82.72,3333
181.78.51.157,999
190.242.58.99,999
3.110.127.255,8402
164.92.137.207,3128
3.112.209.152,395
78.12.230.52,8875
16.24.105.164,3128
51.85.49.118,11597
189.196.45.158,999
103.172.71.202,1111
45.65.137.218,999
38.51.48.244,999
16.78.82.72,42583
51.44.182.158,36853
51.92.46.203,8047
13.231.159.110,8949
103.76.201.109,8080
34.236.148.220,35073
18.143.165.238,32325
200.59.186.178,999
15.160.181.77,48663
51.92.46.203,44048
16.78.82.72,48751
40.192.27.104,32116
193.43.145.250,8080
40.177.211.224,8818
87.120.166.178,8080
202.191.122.106,1120
43.205.124.165,8842
3.122.235.189,8358
160.22.64.16,202
108.137.1.116,878
40.177.211.224,8082
167.249.52.214,999
51.92.46.203,15291
43.217.97.201,864
16.79.112.218,1382
18.163.49.218,3492
190.60.62.198,999
43.204.25.18,25889
13.246.35.124,1111
68.183.180.48,8080
154.58.138.137,8082
38.10.129.178,999
201.88.213.118,8080
13.232.2.142,44214
16.78.82.72,8118
78.12.193.250,43451
34.39.246.220,3128
16.78.93.162,20059
51.20.184.59,1080
54.180.143.12,53081
16.78.105.11,9251
43.198.110.220,80
157.175.197.28,123
18.163.3.251,40670
157.175.42.134,537
200.48.35.125,999
3.29.21.109,4198
43.217.97.201,15419
45.181.121.57,999
15.160.148.69,240
16.78.47.161,382
43.208.25.125,383
43.217.158.81,286
103.99.136.42,8080
45.12.129.42,80
59.153.18.14,1120
40.192.3.100,1382
13.232.2.142,38075
13.59.97.103,12017
38.199.66.61,999
43.209.8.12,49040
43.224.116.22,1120
15.160.134.84,44225
103.175.237.234,3128
14.189.225.233,8080
103.162.141.146,3129
122.53.59.59,8080
160.20.38.38,8080
102.210.56.58,8080
170.233.193.129,999
13.231.159.110,907
15.168.235.57,502
54.74.104.194,3807
144.125.164.158,8081
43.216.1.13,8087
3.93.66.245,36970
54.199.199.66,653
186.31.135.206,999
78.12.193.250,11695
175.111.96.157,3128
37.238.63.39,8080
157.175.147.228,8475
38.199.66.58,999
181.209.81.82,999
35.152.239.124,41783
43.224.118.206,1120
16.78.93.162,9607
8.220.185.24,80
43.210.30.230,8247
203.177.237.138,8282
51.95.69.4,844
157.175.152.104,594
43.208.16.199,856
159.223.32.95,8080
16.78.82.72,8823
128.199.121.61,9090
157.175.196.63,182
177.234.217.235,999
51.16.49.113,7809
45.166.93.113,999
18.163.3.251,567
16.78.82.73,115
15.160.125.231,469
186.31.135.204,999
78.12.249.123,16635
103.177.199.101,1111
172.233.181.40,10138
78.12.230.52,28022
78.12.249.123,34094
51.85.49.118,138
159.65.11.208,8080
144.125.164.222,8081
16.78.82.72,8070
171.4.19.101,8080
18.163.49.218,893
3.249.110.142,29768
51.92.46.203,35130
78.13.74.125,925
18.226.170.181,36181
67.43.236.18,10503
8.243.68.11,8080
200.24.159.230,8080
103.153.39.35,8083
157.15.82.118,8080
78.12.249.123,32484
125.27.42.134,8080
78.12.220.164,18245
18.183.141.82,36907
16.78.104.244,9028
15.160.125.231,3096
3.110.127.255,461
177.234.217.83,999
121.101.133.220,7777
54.154.27.41,56
98.93.14.205,8080
24.152.49.231,999
81.180.92.198,1081
3.93.66.245,31858
15.160.134.84,44214
157.175.42.134,8034
62.193.108.145,1981
13.212.76.113,19599
13.212.81.49,9761
13.61.18.44,34352
51.44.182.158,176
51.20.126.89,910
14.240.62.98,5108
43.208.16.9,4062
16.78.108.50,896
3.29.21.109,46468
122.3.102.216,8082
78.12.223.246,535
78.39.177.76,8070
16.78.82.73,19366
103.81.65.189,8080
3.112.209.152,3790
103.54.36.90,1116
13.212.76.113,8549
40.177.211.224,13
43.217.158.81,8371
128.199.114.189,9090
103.183.8.118,8090
78.12.249.123,24482
181.78.202.29,8080
18.60.222.217,46754
35.169.198.189,80
45.225.207.182,999
18.226.170.181,42425
193.43.140.84,8080
13.212.81.49,49122
41.33.142.182,8081
78.13.74.125,10470
103.168.44.210,8088
13.61.18.44,48594
40.192.16.115,8841
174.140.109.250,3128
43.208.129.50,57
43.217.134.46,1080
18.183.141.82,24299
40.177.211.224,36181
13.212.14.16,19557
13.59.113.45,4048
43.208.25.125,940
109.224.242.13,8085
13.115.193.75,8004
54.180.143.12,9942
51.92.46.203,9269
51.95.69.4,9800
54.154.27.41,9182
157.175.170.170,1024
18.60.222.217,969
13.218.86.1,8105
3.110.127.255,9979
202.40.186.222,27202
50.17.40.179,4153
13.212.14.16,11743
103.249.19.244,8080
38.199.66.59,999
38.194.246.34,999
38.211.24.70,8090
16.78.93.162,3310
43.217.97.201,1981
200.48.35.124,999
41.65.67.165,1976
3.138.155.72,80
18.143.173.102,51172
62.60.151.128,80
54.199.199.66,1971
18.163.3.251,10887
15.160.148.69,131
13.246.35.124,56981
196.204.138.244,1976
18.163.3.251,57554
16.28.103.1,50685
43.225.151.30,1120
13.246.35.124,4149
18.179.12.21,35612
103.154.118.154,57413
51.95.69.4,17771
154.37.213.229,3128
43.210.30.230,860
18.143.165.238,8741
54.154.27.41,40784
103.68.233.142,8097
182.253.42.148,8082
43.210.30.230,22254
3.110.127.255,1014
43.217.97.201,5101
157.175.147.228,14186
43.208.16.9,36449
18.179.12.21,721
51.44.169.116,819
18.163.3.251,18409
45.174.94.26,999
3.249.110.142,9765
14.240.62.98,5105
40.192.16.115,24599
43.230.211.244,8080
44.251.173.250,35255
37.187.109.70,10111
154.236.177.103,1976
16.78.93.162,55
161.35.181.96,999
3.249.110.142,8838
157.175.197.28,44060
51.20.192.194,719
13.212.14.16,917
3.38.101.138,15939
194.87.77.22,80
40.192.16.115,975
51.20.125.203,49200
16.28.103.1,42969
13.115.193.75,5110
15.160.125.231,2324
189.232.97.45,8080
51.44.169.116,1036
103.250.68.30,1120
103.166.33.56,8080
115.147.254.250,8082
13.59.113.45,37763
157.175.197.28,44225
137.59.49.205,1120
43.216.1.13,734
3.38.101.138,787
45.189.252.89,999
35.180.127.14,9414
164.163.42.34,10000
43.217.158.81,8103
186.96.180.17,999
54.154.27.41,4945
152.42.170.187,9090
15.160.134.84,120
40.192.100.189,8899
40.177.211.224,339
3.38.101.138,502
43.206.234.160,417
102.0.18.198,8080
185.185.40.118,3128
177.234.194.30,999
171.5.142.221,8080
13.61.155.35,390
13.61.155.35,10230
120.28.216.126,9999
59.153.16.214,1120
78.12.193.250,8627
72.10.164.178,33243
35.183.64.191,28677
13.59.97.103,20751
207.246.234.115,4669
16.78.108.50,939
51.222.200.225,3128
43.210.30.230,9255
15.168.235.57,21048
186.31.135.205,999
51.44.169.116,7070
43.217.141.124,240
50.17.40.179,13225
16.78.47.161,3301
13.115.193.75,3397
13.212.14.16,7878
43.210.30.230,987
45.189.252.93,999
179.57.215.99,999
15.160.181.77,42149
157.10.97.75,3128
16.78.47.161,8093
13.60.209.160,54643
13.212.14.16,4006
43.206.234.160,20370
103.132.52.196,8080
108.137.1.116,8084
157.66.37.52,8080
102.68.129.54,8080
148.224.58.230,8080
43.217.97.201,513
43.208.240.77,799
54.79.58.225,3128
16.78.82.73,10318
157.15.186.71,8080
34.225.220.214,80
43.210.30.230,49235
43.208.240.77,19324
3.122.235.189,24511
43.198.110.220,3128
180.180.232.90,8080
13.36.243.194,33763
191.97.14.189,999
45.177.178.194,999
148.230.23.2,999
42.96.16.158,1311
45.180.140.241,8080
38.250.230.193,999
40.192.16.115,799
54.74.104.194,9557
51.17.184.165,1071
43.216.1.13,667
40.192.16.115,10049
34.236.148.220,158
50.17.40.179,907
54.90.159.174,23197
74.208.127.51,80
51.16.56.189,23932
51.85.49.118,46183
94.102.193.91,8080
46.23.58.198,8082
193.95.53.131,8077
13.232.2.142,49923
131.196.245.120,999
15.160.148.69,767
51.20.125.203,10052
13.60.209.160,62
176.57.189.138,3128
180.194.140.215,8080
35.183.64.191,100
44.251.173.250,44534
202.215.0.203,8080
51.20.184.59,80
35.181.173.74,720
8.220.185.24,8080
3.110.127.255,9285
103.156.17.111,8080
157.175.197.28,909
78.12.220.164,8328
16.176.173.40,80
3.122.235.189,8036
43.206.234.160,3820
3.122.235.189,44023
43.216.1.13,880
193.111.62.156,3888
3.249.110.142,985
113.177.204.26,8080
217.138.241.122,8080
40.192.31.252,3128
44.251.173.250,10301
200.48.35.126,999
43.205.124.165,20499
41.90.167.149,8082
51.92.46.203,8045
43.210.30.230,20201
78.12.193.250,423
119.92.71.40,8080
56.124.106.170,37776
43.208.16.9,1080
103.153.149.224,8034
176.126.103.194,44214
164.138.205.119,8080
51.16.49.113,17713
149.86.146.197,8080
5.102.109.41,999
35.181.173.74,37878
41.65.103.8,1981
202.58.77.18,8080
128.199.113.85,9090
185.143.145.189,9090
128.199.116.219,9090
15.160.148.69,46879
129.146.169.173,3128
13.125.7.17,18464
50.17.40.179,8383
18.143.167.190,23988
35.181.173.74,25441
103.97.140.96,8080
43.208.16.199,16853
109.122.17.129,999
40.192.100.189,9287
51.85.49.118,9384
16.78.47.161,9093
103.156.233.137,8080
43.224.118.130,1120
16.28.103.1,829
56.124.106.170,348
54.154.27.41,14465
103.171.241.2,3131
200.115.100.33,8080
43.216.1.13,35612
103.155.64.55,8080
65.21.192.112,3128
16.78.108.50,16394
157.175.147.228,44041
128.199.120.45,9090
103.193.144.41,8080
43.217.97.201,907
113.11.64.6,5871
43.208.129.50,355
72.10.164.178,16547
13.114.9.221,16021
103.245.109.57,39355
34.234.201.164,80
176.117.105.227,8080
36.75.52.130,8080
176.117.106.126,8080
43.209.8.12,831
41.223.119.156,3128
103.167.170.186,2112
200.24.130.148,999
103.18.77.14,1111
18.163.3.251,8024
103.178.23.6,8080
15.160.125.231,36907
205.237.104.203,3128
167.249.52.66,999
108.137.1.116,9065
41.33.245.139,1981
213.212.204.205,1976
8.222.175.80,6128
51.92.46.203,35519
185.218.3.20,8443
20.223.127.248,3128
56.124.106.170,44038
40.192.100.189,44
115.127.181.122,2026
45.89.110.20,8080
13.59.113.45,56559
128.140.76.145,21912
3.38.101.138,37639
103.172.42.175,8084
16.78.82.72,1080
18.60.222.217,9514
13.218.86.1,48954
177.234.217.82,999
45.70.236.194,999
54.74.104.194,9383
202.191.127.96,1120
78.13.74.125,249
13.61.18.44,8770
78.12.230.52,10888
13.59.113.45,36844
103.3.246.71,3128
43.208.129.50,9439
89.110.80.195,10149
54.180.143.12,26279
59.153.19.170,1120
43.224.119.194,1120
103.167.171.49,8080
18.202.158.161,80
13.232.2.142,33985
108.137.1.116,43700
203.175.126.229,8080
18.183.141.82,44093
34.216.224.9,29457
164.163.43.102,10000
146.190.80.158,9090
43.217.134.46,3128
35.205.61.211,3128
51.44.169.116,1000
43.209.8.12,8218
103.180.118.207,7777
164.163.40.15,10000
51.20.126.89,30339
13.212.14.16,221
8.243.197.202,999
103.161.185.126,80
202.131.159.222,1111
180.191.16.34,8082
3.29.21.109,5678
50.17.40.179,9867
45.225.207.183,999
177.10.44.190,8080
43.208.16.199,422
51.20.125.203,8177
50.17.40.179,9189
200.59.191.232,999
54.74.104.194,8830
54.180.143.12,15311
43.205.124.165,9010
43.208.16.199,36934
121.132.61.211,3128
157.175.152.104,938
40.177.211.224,4002
43.209.130.76,13845
3.93.66.245,8082
